,index,exon_bs_aa,exon_bs_ins,exon_rew,last_ex_sym,next_ex_sym,both_ex_sym,intron_ph,phases_ok,uniprot_name,protein_index,uniprot_id,kingdom,any_exon_sym
0,1,54,True,0.14285714285714285,False,False,False,1,True,A0A0B4I8R5.1/44-125,1,A0A0B4I8R5,Fungi,False
1,2,54,True,0.14285714285714285,False,False,False,1,True,A0A7D5Z338.1/44-125,2,A0A7D5Z338,Fungi,False
2,6,54,True,0.14285714285714285,False,False,False,1,True,A0A0B4G0V3.1/44-125,6,A0A0B4G0V3,Fungi,False
3,9,54,True,0.5,False,False,False,1,True,A0A4Q7JL60.1/43-125,9,A0A4Q7JL60,Fungi,False
4,11,14,True,0.5,False,False,False,2,True,A0A5C3FMX5.1/41-131,11,A0A5C3FMX5,Fungi,False
5,11,66,True,0.5,False,False,False,0,True,A0A5C3FMX5.1/41-131,11,A0A5C3FMX5,Fungi,False
6,12,54,True,0.5,False,False,False,1,True,A0A167EP97.1/44-125,12,A0A167EP97,Fungi,False
7,13,14,True,1.0,False,False,False,2,True,M9MA62.1/41-131,13,M9MA62,Fungi,False
8,13,66,True,1.0,False,False,False,0,True,M9MA62.1/41-131,13,M9MA62,Fungi,False
9,14,54,True,1.0,False,False,False,1,True,Q2GM22.1/40-138,14,Q2GM22,Fungi,False
10,15,29,False,1.0,False,True,False,2,True,A0A5N5DC25.1/52-133,15,A0A5N5DC25,Fungi,True
11,15,54,False,1.0,True,True,True,2,True,A0A5N5DC25.1/52-133,15,A0A5N5DC25,Fungi,True
12,16,78,False,1.0,True,True,True,0,True,A0A2I2FW59.1/55-132,16,A0A2I2FW59,Fungi,True
13,17,77,False,0.3333333333333333,True,True,True,0,True,A0A1F7ZZY2.1/48-127,17,A0A1F7ZZY2,Fungi,True
14,18,54,False,0.14285714285714285,False,False,False,1,True,A0A2T4GZL5.1/45-125,18,A0A2T4GZL5,Fungi,False
15,19,54,False,1.0,False,False,False,1,True,A0A167ZG58.1/44-123,19,A0A167ZG58,Fungi,False
16,22,54,False,0.14285714285714285,False,False,False,1,True,I1S329.1/46-126,22,I1S329,Fungi,False
17,23,54,False,0.16666666666666666,False,False,False,1,True,A0A365NIL1.1/40-121,23,A0A365NIL1,Fungi,False
18,25,54,False,0.16666666666666666,False,False,False,1,True,A0A0I9XQ80.1/45-126,25,A0A0I9XQ80,Fungi,False
19,26,54,False,0.16666666666666666,False,False,False,1,True,A0A420UA03.1/45-126,26,A0A420UA03,Fungi,False
20,27,9,False,1.0,True,True,True,1,True,A0A1K0G2T2.1/42-131,27,A0A1K0G2T2,Fungi,True
21,28,54,False,0.16666666666666666,False,False,False,1,True,A0A1L7SQ03.1/45-126,28,A0A1L7SQ03,Fungi,False
22,30,54,False,1.0,False,False,False,1,True,A0A6G1GJF7.1/45-125,30,A0A6G1GJF7,Fungi,False
23,31,59,False,0.5,False,False,False,1,True,A0A081CBA2.1/41-123,31,A0A081CBA2,Fungi,False
24,32,54,False,0.3333333333333333,False,False,False,1,True,A0A168HNS5.1/43-123,32,A0A168HNS5,Fungi,False
25,34,54,False,0.058823529411764705,False,False,False,1,True,A0A094CIB4.1/43-124,34,A0A094CIB4,Fungi,False
26,35,54,True,1.0,False,False,False,1,True,A0A6A5U035.1/47-127,35,A0A6A5U035,Fungi,False
27,36,78,False,1.0,True,True,True,0,True,A0A4S3JMB6.1/46-125,36,A0A4S3JMB6,Fungi,True
28,37,6,False,1.0,False,False,False,2,True,V5EZV5.1/41-134,37,V5EZV5,Fungi,False
29,38,54,False,0.5,False,False,False,1,True,A0A2H4SBV7.1/42-123,38,A0A2H4SBV7,Fungi,False
30,41,54,False,0.14285714285714285,False,False,False,1,True,A0A7S8E4G3.1/45-125,41,A0A7S8E4G3,Fungi,False
31,42,54,True,0.5,False,False,False,1,True,A0A2N3NFS0.1/51-135,42,A0A2N3NFS0,Fungi,False
32,43,54,True,1.0,False,False,False,1,True,G0RXT8.1/57-143,43,G0RXT8,Fungi,False
33,44,76,False,0.5,True,True,True,0,True,A0A5M3YQ85.1/51-129,44,A0A5M3YQ85,Fungi,True
34,47,77,False,0.5,True,True,True,0,True,Q0CNF2.1/50-128,47,Q0CNF2,Fungi,True
35,50,54,False,0.041666666666666664,False,False,False,1,True,A0A1L7VC99.1/45-125,50,A0A1L7VC99,Fungi,False
36,51,54,False,0.041666666666666664,False,False,False,1,True,A7M7A2.1/45-125,51,A7M7A2,Fungi,False
37,52,77,False,1.0,True,True,True,0,True,A0A1V6QKR9.1/51-126,52,A0A1V6QKR9,Fungi,True
38,54,54,False,1.0,False,False,False,1,True,A0A162KEP2.1/43-123,54,A0A162KEP2,Fungi,False
39,56,54,False,0.058823529411764705,False,False,False,1,True,A0A1B8C030.1/43-124,56,A0A1B8C030,Fungi,False
40,57,77,False,0.14285714285714285,True,True,True,0,True,A0A0J5PRC2.1/57-128,57,A0A0J5PRC2,Fungi,True
41,59,77,False,0.14285714285714285,True,True,True,0,True,B0YEP3.1/57-128,59,B0YEP3,Fungi,True
42,61,54,False,0.058823529411764705,False,False,False,1,True,A0A094EGW0.1/43-124,61,A0A094EGW0,Fungi,False
43,62,54,False,0.058823529411764705,False,False,False,1,True,A0A094HZX3.1/43-124,62,A0A094HZX3,Fungi,False
44,64,77,False,1.0,True,True,True,0,True,A0A1V6SXH8.1/52-128,64,A0A1V6SXH8,Fungi,True
45,65,54,False,0.2,False,False,False,1,True,A0A2S7Y8L3.1/43-123,65,A0A2S7Y8L3,Fungi,False
46,67,54,False,0.125,False,False,False,1,True,A0A428RAK7.1/44-125,67,A0A428RAK7,Fungi,False
47,68,77,False,0.1,True,True,True,0,True,A0A2G7FQY9.1/48-128,68,A0A2G7FQY9,Fungi,True
48,69,77,False,1.0,True,True,True,0,True,A0A397H3X4.1/56-128,69,A0A397H3X4,Fungi,True
49,70,77,False,0.1,True,True,True,0,True,A0A5N6YCF6.1/48-128,70,A0A5N6YCF6,Fungi,True
50,71,77,False,0.14285714285714285,True,True,True,0,True,A1D9V9.1/57-128,71,A1D9V9,Fungi,True
51,72,54,False,0.3333333333333333,False,False,False,1,True,A0A179IB42.1/43-123,72,A0A179IB42,Fungi,False
52,74,35,False,0.25,False,False,False,1,True,A0A4Z0Z7V7.1/44-124,74,A0A4Z0Z7V7,Fungi,False
53,77,54,False,0.058823529411764705,False,False,False,1,True,A0A1B8GL38.2/67-148,77,A0A1B8GL38,Fungi,False
54,78,54,False,0.2,False,False,False,1,True,A0A2N6NPX3.1/43-123,78,A0A2N6NPX3,Fungi,False
55,82,54,False,0.125,False,False,False,1,True,A0A428UPD9.1/44-125,82,A0A428UPD9,Fungi,False
56,83,54,False,0.125,False,False,False,1,True,A0A430M7U9.1/44-125,83,A0A430M7U9,Fungi,False
57,89,54,False,0.2,False,False,False,1,True,A0A2S7Y7P4.1/43-123,89,A0A2S7Y7P4,Fungi,False
58,90,77,False,0.1,True,True,True,0,True,A0A0F0I106.1/48-128,90,A0A0F0I106,Fungi,True
59,91,77,False,0.1,True,True,True,0,True,A0A5N6VRH3.1/48-128,91,A0A5N6VRH3,Fungi,True
60,94,54,False,1.0,False,False,False,1,True,A0A6A6EGX9.1/53-133,94,A0A6A6EGX9,Fungi,False
61,96,53,True,1.0,False,False,False,1,True,A0A175VP11.1/54-138,96,A0A175VP11,Fungi,False
62,97,54,True,0.5,False,False,False,1,True,A0A1Y2UUK0.1/18-98,97,A0A1Y2UUK0,Fungi,False
63,98,54,False,0.3333333333333333,False,False,False,1,True,A0A2W1CUJ9.1/55-133,98,A0A2W1CUJ9,Fungi,False
64,99,54,False,0.3333333333333333,False,False,False,1,True,B2W6U3.1/55-133,99,B2W6U3,Fungi,False
65,101,54,False,0.058823529411764705,False,False,False,1,True,L8FY50.1/67-148,101,L8FY50,Fungi,False
66,102,54,False,1.0,False,False,False,1,True,A0A6A6C114.1/49-127,102,A0A6A6C114,Fungi,False
67,103,54,False,0.1111111111111111,False,False,False,1,True,L2G2G8.1/44-123,103,L2G2G8,Fungi,False
68,106,51,False,1.0,False,True,False,1,True,I2FRW8.1/42-131,106,I2FRW8,Fungi,True
69,106,66,True,1.0,True,True,True,1,True,I2FRW8.1/42-131,106,I2FRW8,Fungi,True
70,107,77,False,0.1,True,True,True,0,True,A0A2P2HQZ4.1/48-128,107,A0A2P2HQZ4,Fungi,True
71,108,54,False,0.16666666666666666,False,False,False,1,True,A0A395RRB0.1/44-125,108,A0A395RRB0,Fungi,False
72,110,54,True,1.0,False,False,False,1,True,A0A2K3Q8F6.1/41-123,110,A0A2K3Q8F6,Fungi,False
73,111,17,False,0.5,False,False,False,2,True,A0A3M0WAM5.1/50-129,111,A0A3M0WAM5,Fungi,False
74,112,54,False,1.0,False,False,False,1,True,K2S632.1/53-133,112,K2S632,Fungi,False
75,114,54,False,0.058823529411764705,False,False,False,1,True,A0A1B8FW37.1/43-124,114,A0A1B8FW37,Fungi,False
76,118,44,False,1.0,False,False,False,2,True,A0A5N7BJK8.1/705-785,118,A0A5N7BJK8,Fungi,False
77,118,78,False,1.0,False,False,False,1,True,A0A5N7BJK8.1/705-785,118,A0A5N7BJK8,Fungi,False
78,119,12,False,0.5,True,True,True,2,True,A0A1J9QV98.1/52-133,119,A0A1J9QV98,Fungi,True
79,120,14,True,1.0,False,False,False,1,True,G2QA93.1/55-132,120,G2QA93,Fungi,False
80,121,54,False,0.058823529411764705,False,False,False,1,True,A0A094E3D0.1/43-124,121,A0A094E3D0,Fungi,False
81,122,54,False,0.16666666666666666,False,False,False,1,True,A0A0N0DBG0.1/44-125,122,A0A0N0DBG0,Fungi,False
82,123,54,False,0.058823529411764705,False,False,False,1,True,A0A093Z559.1/43-124,123,A0A093Z559,Fungi,False
83,129,54,True,1.0,False,False,False,1,True,A0A0L0NFA1.1/45-126,129,A0A0L0NFA1,Fungi,False
84,130,77,False,0.14285714285714285,True,True,True,0,True,A0A2I1C709.1/58-128,130,A0A2I1C709,Fungi,True
85,131,14,True,1.0,True,False,False,0,True,A0A553HND9.1/81-160,131,A0A553HND9,Fungi,True
86,131,54,False,1.0,False,False,False,1,True,A0A553HND9.1/81-160,131,A0A553HND9,Fungi,False
87,133,14,True,0.3333333333333333,False,True,False,2,True,A0A1E1KA94.1/46-125,133,A0A1E1KA94,Fungi,True
88,133,54,True,0.3333333333333333,True,True,True,2,True,A0A1E1KA94.1/46-125,133,A0A1E1KA94,Fungi,True
89,134,33,False,0.3333333333333333,True,True,True,2,True,A0A1E1LCC2.1/46-125,134,A0A1E1LCC2,Fungi,True
90,135,33,False,0.3333333333333333,True,True,True,2,True,A0A1E1MQL7.1/46-125,135,A0A1E1MQL7,Fungi,True
91,136,54,False,0.3333333333333333,False,False,False,1,True,A0A545VD30.1/43-123,136,A0A545VD30,Fungi,False
92,137,54,True,1.0,False,False,False,1,True,A0A177CBL0.1/47-127,137,A0A177CBL0,Fungi,False
93,138,14,True,0.5,False,False,False,1,True,A0A5C3E6D6.1/42-131,138,A0A5C3E6D6,Fungi,False
94,139,29,False,0.09090909090909091,False,False,False,0,True,A0A3M7EI87.1/44-124,139,A0A3M7EI87,Fungi,False
95,140,16,False,0.09090909090909091,False,False,False,1,True,A0A1Z5T968.1/44-124,140,A0A1Z5T968,Fungi,False
96,140,54,False,0.09090909090909091,False,False,False,0,True,A0A1Z5T968.1/44-124,140,A0A1Z5T968,Fungi,False
97,141,29,False,0.09090909090909091,False,False,False,0,True,A0A3M7HUA6.1/44-124,141,A0A3M7HUA6,Fungi,False
98,142,16,False,0.09090909090909091,False,False,False,1,True,A0A3M7DK98.1/44-124,142,A0A3M7DK98,Fungi,False
99,142,54,False,0.09090909090909091,False,False,False,0,True,A0A3M7DK98.1/44-124,142,A0A3M7DK98,Fungi,False
100,143,29,False,0.09090909090909091,False,False,False,0,True,A0A3M7BXV3.1/44-124,143,A0A3M7BXV3,Fungi,False
101,145,54,True,1.0,False,False,False,1,True,A0A177C926.1/56-134,145,A0A177C926,Fungi,False
102,146,77,False,1.0,True,True,True,0,True,A0A1F5LTM1.1/50-127,146,A0A1F5LTM1,Fungi,True
103,147,77,False,0.2,True,True,True,0,True,A0A0A2IIQ7.1/59-126,147,A0A0A2IIQ7,Fungi,True
104,149,76,False,1.0,True,True,True,0,True,A0A0U4ZME2.1/49-127,149,A0A0U4ZME2,Fungi,True
105,150,54,False,0.14285714285714285,False,False,False,1,True,A0A2L2U557.1/45-125,150,A0A2L2U557,Fungi,False
106,153,14,True,1.0,True,True,True,0,True,A0A6G1LDG3.1/46-124,153,A0A6G1LDG3,Fungi,True
107,154,54,False,0.5,False,False,False,1,True,A0A084FY57.1/51-135,154,A0A084FY57,Fungi,False
108,155,54,False,0.058823529411764705,False,False,False,1,True,A0A1B8E7W2.1/43-124,155,A0A1B8E7W2,Fungi,False
109,156,29,False,0.3333333333333333,False,False,False,2,True,A0A5N6I144.1/688-767,156,A0A5N6I144,Fungi,False
110,156,66,True,0.3333333333333333,False,True,False,0,True,A0A5N6I144.1/688-767,156,A0A5N6I144,Fungi,True
111,157,54,False,0.16666666666666666,False,False,False,1,True,A0A1Q8RLH2.1/44-123,157,A0A1Q8RLH2,Fungi,False
112,160,30,False,1.0,False,False,False,1,True,A0A2S6BS14.1/53-132,160,A0A2S6BS14,Fungi,False
113,161,54,True,1.0,False,False,False,1,True,A0A139IDZ0.1/53-133,161,A0A139IDZ0,Fungi,False
114,163,54,False,0.5,False,False,False,1,True,A0A395N3V1.1/45-125,163,A0A395N3V1,Fungi,False
115,165,14,True,0.25,True,False,False,0,True,A0A7C8MY75.1/44-123,165,A0A7C8MY75,Fungi,True
116,165,54,False,0.25,False,False,False,1,True,A0A7C8MY75.1/44-123,165,A0A7C8MY75,Fungi,False
117,166,54,True,1.0,False,False,False,1,True,A0A2C5YMG7.1/25-107,166,A0A2C5YMG7,Fungi,False
118,168,54,False,0.1111111111111111,False,False,False,1,True,T0KAV4.1/44-123,168,T0KAV4,Fungi,False
119,169,30,False,0.3333333333333333,False,False,False,1,True,A0A5C3E1K1.1/41-125,169,A0A5C3E1K1,Fungi,False
120,170,77,False,0.2,True,True,True,0,True,A0A117NLE2.1/55-126,170,A0A117NLE2,Fungi,True
121,174,13,False,1.0,False,False,False,2,True,M3D5B8.1/59-134,174,M3D5B8,Fungi,False
122,175,29,False,0.3333333333333333,False,False,False,2,True,A0A5N6ZW34.1/707-786,175,A0A5N6ZW34,Fungi,False
123,175,66,True,0.3333333333333333,False,True,False,0,True,A0A5N6ZW34.1/707-786,175,A0A5N6ZW34,Fungi,True
124,176,14,True,0.25,True,False,False,0,True,A0A1V1TBQ9.1/44-123,176,A0A1V1TBQ9,Fungi,True
125,176,54,False,0.25,False,False,False,1,True,A0A1V1TBQ9.1/44-123,176,A0A1V1TBQ9,Fungi,False
126,177,34,False,0.25,False,False,False,1,True,A0A439CZB5.1/44-123,177,A0A439CZB5,Fungi,False
127,179,54,False,0.1111111111111111,False,False,False,1,True,A0A4R8PYS3.1/44-123,179,A0A4R8PYS3,Fungi,False
128,180,54,False,0.1111111111111111,False,False,False,1,True,A0A4R8TG76.1/44-123,180,A0A4R8TG76,Fungi,False
129,182,16,False,0.09090909090909091,False,False,False,1,True,A0A3M6W5K6.1/44-124,182,A0A3M6W5K6,Fungi,False
130,182,54,False,0.09090909090909091,False,False,False,0,True,A0A3M6W5K6.1/44-124,182,A0A3M6W5K6,Fungi,False
131,183,28,False,1.0,True,False,False,0,True,A0A1V8TEX3.1/45-125,183,A0A1V8TEX3,Fungi,True
132,183,54,False,1.0,False,False,False,1,True,A0A1V8TEX3.1/45-125,183,A0A1V8TEX3,Fungi,False
133,185,54,False,1.0,False,False,False,1,True,A0A0B7JI10.1/42-124,185,A0A0B7JI10,Fungi,False
134,186,54,False,0.058823529411764705,False,False,False,1,True,A0A094F5H0.1/43-124,186,A0A094F5H0,Fungi,False
135,188,54,False,0.1111111111111111,False,False,False,1,True,A0A135U140.1/44-123,188,A0A135U140,Fungi,False
136,192,77,False,0.1,True,True,True,0,True,A0A5N6WID3.1/48-127,192,A0A5N6WID3,Fungi,True
137,194,54,False,1.0,False,False,False,1,True,A0A093ZXB5.1/43-124,194,A0A093ZXB5,Fungi,False
138,195,16,False,0.09090909090909091,False,False,False,1,True,A0A3M6Z9P5.1/44-124,195,A0A3M6Z9P5,Fungi,False
139,195,54,False,0.09090909090909091,False,False,False,0,True,A0A3M6Z9P5.1/44-124,195,A0A3M6Z9P5,Fungi,False
140,196,16,False,0.09090909090909091,False,False,False,1,True,A0A3M7BCK6.1/44-124,196,A0A3M7BCK6,Fungi,False
141,196,54,False,0.09090909090909091,False,False,False,0,True,A0A3M7BCK6.1/44-124,196,A0A3M7BCK6,Fungi,False
142,198,54,False,1.0,False,False,False,1,True,A0A6A5WEF6.1/58-137,198,A0A6A5WEF6,Fungi,False
143,199,45,False,0.5,False,False,False,2,True,A0A177TCG0.1/43-130,199,A0A177TCG0,Fungi,False
144,200,45,False,0.5,False,False,False,2,True,A0A177V2W4.1/43-130,200,A0A177V2W4,Fungi,False
145,203,14,True,1.0,False,False,False,1,True,A0A1Y2WEL4.1/43-124,203,A0A1Y2WEL4,Fungi,False
146,204,32,False,1.0,False,False,False,0,True,A0A6A5YXN8.1/58-134,204,A0A6A5YXN8,Fungi,False
147,205,77,False,1.0,True,True,True,0,True,W6QJ14.1/57-126,205,W6QJ14,Fungi,True
148,207,16,False,0.09090909090909091,False,False,False,1,True,A0A3M6WCX3.1/44-124,207,A0A3M6WCX3,Fungi,False
149,207,54,False,0.09090909090909091,False,False,False,0,True,A0A3M6WCX3.1/44-124,207,A0A3M6WCX3,Fungi,False
150,208,27,False,0.5,False,False,False,2,True,A0A1V1SRQ9.1/63-129,208,A0A1V1SRQ9,Fungi,False
151,208,77,False,0.5,False,False,False,1,True,A0A1V1SRQ9.1/63-129,208,A0A1V1SRQ9,Fungi,False
152,210,54,False,0.16666666666666666,False,False,False,1,True,A0A4T0VR13.1/45-124,210,A0A4T0VR13,Fungi,False
153,213,40,False,0.5,False,False,False,2,True,A0A439CT47.1/63-129,213,A0A439CT47,Fungi,False
154,214,14,True,1.0,False,False,False,1,True,S3CRG0.1/50-131,214,S3CRG0,Fungi,False
155,215,30,False,0.3333333333333333,False,False,False,1,True,A0A5C3DXC9.1/41-125,215,A0A5C3DXC9,Fungi,False
156,216,66,True,0.5,True,True,True,0,True,R9P4H0.1/40-125,216,R9P4H0,Fungi,True
157,218,76,False,0.5,True,True,True,0,True,A0A397GEU4.1/57-128,218,A0A397GEU4,Fungi,True
158,219,76,False,0.5,True,True,True,0,True,A0A421CWW3.1/57-128,219,A0A421CWW3,Fungi,True
159,223,54,False,0.5,False,False,False,1,True,B2ALP3.1/44-127,223,B2ALP3,Fungi,False
160,224,14,True,1.0,False,False,False,2,True,W3VLM0.1/41-113,224,W3VLM0,Fungi,False
161,228,29,False,0.5,False,True,False,2,True,A0A0G2EHU6.1/53-133,228,A0A0G2EHU6,Fungi,True
162,228,54,False,0.5,True,True,True,2,True,A0A0G2EHU6.1/53-133,228,A0A0G2EHU6,Fungi,True
163,230,54,False,0.16666666666666666,False,False,False,1,True,A0A1S1VY56.1/45-124,230,A0A1S1VY56,Fungi,False
164,234,54,False,0.25,False,False,False,1,True,A0A0G4MF96.1/49-124,234,A0A0G4MF96,Fungi,False
165,235,76,False,0.5,True,True,True,0,True,A0A7R7XHB4.1/50-127,235,A0A7R7XHB4,Fungi,True
166,236,55,False,1.0,False,False,False,1,True,A0A2V1CME0.1/45-126,236,A0A2V1CME0,Fungi,False
167,237,76,False,0.5,True,True,True,0,True,A0A1U8QVY7.1/46-125,237,A0A1U8QVY7,Fungi,True
168,238,76,False,0.5,True,True,True,0,True,Q5BCK7.1/46-125,238,Q5BCK7,Fungi,True
169,240,54,False,0.5,False,False,False,1,True,A0A447CCM4.1/44-127,240,A0A447CCM4,Fungi,False
170,242,54,False,0.041666666666666664,False,False,False,1,True,A0A0D2YAB0.1/45-125,242,A0A0D2YAB0,Fungi,False
171,243,54,False,0.041666666666666664,False,False,False,1,True,A0A2H3GCW3.1/45-125,243,A0A2H3GCW3,Fungi,False
172,246,54,False,0.041666666666666664,False,False,False,1,True,A0A4Q2VLS3.1/45-125,246,A0A4Q2VLS3,Fungi,False
173,247,54,False,0.041666666666666664,False,False,False,1,True,A0A5C6SBZ9.1/45-125,247,A0A5C6SBZ9,Fungi,False
174,251,54,False,0.041666666666666664,False,False,False,1,True,W9HML8.1/45-125,251,W9HML8,Fungi,False
175,256,54,False,0.041666666666666664,False,False,False,1,True,X0I786.1/45-125,256,X0I786,Fungi,False
176,259,19,False,1.0,False,True,False,2,True,A0A4U7KT60.1/42-132,259,A0A4U7KT60,Fungi,True
177,259,52,False,1.0,True,False,False,2,True,A0A4U7KT60.1/42-132,259,A0A4U7KT60,Fungi,True
178,259,66,True,1.0,False,True,False,1,True,A0A4U7KT60.1/42-132,259,A0A4U7KT60,Fungi,True
179,261,54,True,1.0,False,False,False,1,True,A0A2C5XVV9.1/27-109,261,A0A2C5XVV9,Fungi,False
180,262,54,False,1.0,False,False,False,1,True,A0A2N3MXW2.1/62-145,262,A0A2N3MXW2,Fungi,False
181,263,78,True,1.0,True,True,True,0,True,B8MM43.1/48-127,263,B8MM43,Fungi,True
182,265,42,False,0.3333333333333333,False,False,False,2,True,A0A5N6DW94.1/678-758,265,A0A5N6DW94,Fungi,False
183,265,77,False,0.3333333333333333,False,False,False,1,True,A0A5N6DW94.1/678-758,265,A0A5N6DW94,Fungi,False
184,266,18,False,0.25,False,False,False,2,True,A0A010R0H0.1/66-144,266,A0A010R0H0,Fungi,False
185,267,19,False,0.25,False,False,False,2,True,A0A135U924.1/66-144,267,A0A135U924,Fungi,False
186,268,53,True,0.25,False,False,False,1,True,A0A135T305.1/66-144,268,A0A135T305,Fungi,False
187,270,17,False,0.5,False,False,False,0,True,A0A3M7N8S4.1/835-914,270,A0A3M7N8S4,Fungi,False
188,271,77,False,0.3333333333333333,True,True,True,0,True,A0A017S355.1/52-131,271,A0A017S355,Fungi,True
189,275,18,False,0.25,False,False,False,2,True,A0A135SM94.1/75-144,275,A0A135SM94,Fungi,False
190,277,38,False,0.5,True,True,True,1,True,A0A061H8P6.1/48-132,277,A0A061H8P6,Fungi,True
191,278,38,False,0.5,True,True,True,1,True,A0A5C3F015.1/48-132,278,A0A5C3F015,Fungi,True
192,279,54,False,0.5,False,False,False,1,True,A0A1Y2LL39.1/92-170,279,A0A1Y2LL39,Fungi,False
193,280,34,False,1.0,False,False,False,1,True,A0A1W2TWM8.1/44-123,280,A0A1W2TWM8,Fungi,False
194,282,60,False,1.0,False,False,False,2,True,G2QKH2.1/48-134,282,G2QKH2,Fungi,False
195,283,77,False,0.25,True,True,True,0,True,A0A1V6Z7A6.1/57-126,283,A0A1V6Z7A6,Fungi,True
196,284,17,False,1.0,False,False,False,2,True,Q2GX55.1/55-131,284,Q2GX55,Fungi,False
197,285,6,False,1.0,True,False,False,1,True,A0A127ZHY8.1/42-134,285,A0A127ZHY8,Fungi,True
198,285,35,False,1.0,False,True,False,2,True,A0A127ZHY8.1/42-134,285,A0A127ZHY8,Fungi,True
199,287,46,False,1.0,False,False,False,2,True,A0A074W4A2.1/59-127,287,A0A074W4A2,Fungi,False
200,289,25,False,1.0,True,False,False,0,True,M3B5A4.1/29-102,289,M3B5A4,Fungi,True
201,289,46,False,1.0,False,False,False,2,True,M3B5A4.1/29-102,289,M3B5A4,Fungi,False
202,290,54,False,1.0,False,False,False,1,True,A0A168EW29.1/65-145,290,A0A168EW29,Fungi,False
203,292,14,True,1.0,False,False,False,1,True,K5UTJ1.1/46-135,292,K5UTJ1,Fungi,False
204,292,43,False,1.0,False,True,False,2,True,K5UTJ1.1/46-135,292,K5UTJ1,Fungi,True
205,292,66,True,1.0,True,False,False,2,True,K5UTJ1.1/46-135,292,K5UTJ1,Fungi,True
206,293,54,False,0.16666666666666666,False,False,False,1,True,A0A4U6X9R7.1/45-124,293,A0A4U6X9R7,Fungi,False
207,294,12,False,0.3333333333333333,False,True,False,1,True,A0A5C3FKD2.1/46-125,294,A0A5C3FKD2,Fungi,True
208,294,26,False,0.3333333333333333,True,True,True,1,True,A0A5C3FKD2.1/46-125,294,A0A5C3FKD2,Fungi,True
209,298,14,True,1.0,False,False,False,1,True,F7VXA3.1/77-152,298,F7VXA3,Fungi,False
210,299,54,True,0.3333333333333333,False,False,False,1,True,A0A2H2ZAV9.1/44-125,299,A0A2H2ZAV9,Fungi,False
211,300,42,False,0.3333333333333333,False,False,False,2,True,A0A5N6HFX8.1/700-780,300,A0A5N6HFX8,Fungi,False
212,300,77,False,0.3333333333333333,False,False,False,1,True,A0A5N6HFX8.1/700-780,300,A0A5N6HFX8,Fungi,False
213,301,77,False,0.2,True,True,True,0,True,A0A0M9WCQ2.1/56-126,301,A0A0M9WCQ2,Fungi,True
214,302,54,False,0.5,False,False,False,1,True,A0A094GPL8.1/43-124,302,A0A094GPL8,Fungi,False
215,303,77,False,0.3333333333333333,True,True,True,0,True,A0A2I1D762.1/46-125,303,A0A2I1D762,Fungi,True
216,304,42,False,0.3333333333333333,False,False,False,2,True,A0A5N6ISU9.1/700-780,304,A0A5N6ISU9,Fungi,False
217,304,77,False,0.3333333333333333,False,False,False,1,True,A0A5N6ISU9.1/700-780,304,A0A5N6ISU9,Fungi,False
218,306,14,True,1.0,True,False,False,0,True,A0A286UES2.1/53-138,306,A0A286UES2,Fungi,True
219,306,27,False,1.0,False,True,False,1,True,A0A286UES2.1/53-138,306,A0A286UES2,Fungi,True
220,306,43,False,1.0,True,False,False,1,True,A0A286UES2.1/53-138,306,A0A286UES2,Fungi,True
221,306,66,True,1.0,False,False,False,2,True,A0A286UES2.1/53-138,306,A0A286UES2,Fungi,False
222,307,54,False,0.16666666666666666,False,False,False,1,True,W6ZBJ5.1/60-137,307,W6ZBJ5,Fungi,False
223,308,54,True,1.0,False,False,False,1,True,A0A139H8M2.1/53-133,308,A0A139H8M2,Fungi,False
224,310,54,True,1.0,False,False,False,1,True,A0A179GX38.1/44-125,310,A0A179GX38,Fungi,False
225,312,46,False,0.1,False,False,False,2,True,A0A074XTA9.1/50-127,312,A0A074XTA9,Fungi,False
226,313,14,True,1.0,False,False,False,1,True,A0A2P5HVC6.1/76-153,313,A0A2P5HVC6,Fungi,False
227,317,29,False,1.0,False,True,False,2,True,R1H1L9.1/58-133,317,R1H1L9,Fungi,True
228,317,54,False,1.0,True,True,True,2,True,R1H1L9.1/58-133,317,R1H1L9,Fungi,True
229,318,23,False,0.25,False,False,False,2,True,A0A4R8RRN0.1/72-140,318,A0A4R8RRN0,Fungi,False
230,319,14,True,1.0,False,True,False,1,True,A0A4S4MW30.1/41-130,319,A0A4S4MW30,Fungi,True
231,319,25,False,1.0,True,True,True,1,True,A0A4S4MW30.1/41-130,319,A0A4S4MW30,Fungi,True
232,319,43,False,1.0,True,False,False,1,True,A0A4S4MW30.1/41-130,319,A0A4S4MW30,Fungi,True
233,319,66,True,1.0,False,False,False,2,True,A0A4S4MW30.1/41-130,319,A0A4S4MW30,Fungi,False
234,320,53,True,0.25,False,False,False,1,True,A0A4R8T663.1/72-140,320,A0A4R8T663,Fungi,False
235,321,53,True,0.25,False,False,False,1,True,N4VJF4.1/72-140,321,N4VJF4,Fungi,False
236,322,66,True,1.0,False,True,False,2,True,A0A0C9XCV3.1/55-122,322,A0A0C9XCV3,Fungi,True
237,324,14,True,1.0,False,False,False,1,True,A0A1W2TMR2.1/49-129,324,A0A1W2TMR2,Fungi,False
238,326,29,False,0.09090909090909091,False,False,False,0,True,A0A3M6ZIS7.1/44-124,326,A0A3M6ZIS7,Fungi,False
239,327,41,False,1.0,True,False,False,1,True,A0A4S4KWL4.1/105-194,327,A0A4S4KWL4,Fungi,True
240,328,54,True,1.0,False,False,False,0,True,A0A0D2APL1.1/46-124,328,A0A0D2APL1,Fungi,False
241,329,54,False,1.0,False,False,False,1,True,A0A0G4N194.1/49-130,329,A0A0G4N194,Fungi,False
242,330,19,False,1.0,False,False,False,2,True,A0A1Y2WPL8.1/51-133,330,A0A1Y2WPL8,Fungi,False
243,330,77,False,1.0,False,False,False,1,True,A0A1Y2WPL8.1/51-133,330,A0A1Y2WPL8,Fungi,False
244,331,7,False,1.0,False,False,False,1,True,A0A6A5XEA1.1/53-132,331,A0A6A5XEA1,Fungi,False
245,331,54,True,1.0,False,False,False,0,True,A0A6A5XEA1.1/53-132,331,A0A6A5XEA1,Fungi,False
246,332,23,False,0.25,False,False,False,2,True,A0A4R8PV26.1/74-140,332,A0A4R8PV26,Fungi,False
247,333,13,False,1.0,False,False,False,2,True,A0A2R6P049.1/46-135,333,A0A2R6P049,Fungi,False
248,333,31,False,1.0,False,True,False,1,True,A0A2R6P049.1/46-135,333,A0A2R6P049,Fungi,True
249,333,38,False,1.0,True,True,True,1,True,A0A2R6P049.1/46-135,333,A0A2R6P049,Fungi,True
250,334,46,False,0.1,False,False,False,2,True,A0A4S9ZPG8.1/50-127,334,A0A4S9ZPG8,Fungi,False
251,335,53,True,0.25,False,False,False,1,True,A0A4T0WJW8.1/60-143,335,A0A4T0WJW8,Fungi,False
252,336,30,False,0.25,False,False,False,2,True,H1V0J4.1/60-143,336,H1V0J4,Fungi,False
253,337,53,True,0.25,False,False,False,1,True,A0A5Q4BH49.1/60-143,337,A0A5Q4BH49,Fungi,False
254,338,6,False,1.0,False,False,False,2,True,A0A165DXF5.1/18-97,338,A0A165DXF5,Fungi,False
255,338,51,False,1.0,False,True,False,1,True,A0A165DXF5.1/18-97,338,A0A165DXF5,Fungi,True
256,338,58,False,1.0,True,False,False,1,True,A0A165DXF5.1/18-97,338,A0A165DXF5,Fungi,True
257,339,54,False,1.0,False,False,False,1,True,A0A6A5QZU5.1/60-137,339,A0A6A5QZU5,Fungi,False
258,342,17,False,1.0,False,False,False,0,True,A0A3M7NW65.1/784-862,342,A0A3M7NW65,Fungi,False
259,343,17,False,1.0,True,True,True,1,True,A0A3M7MYX3.1/764-843,343,A0A3M7MYX3,Fungi,True
260,345,5,False,1.0,False,False,False,2,True,A0A517L164.1/38-120,345,A0A517L164,Fungi,False
261,346,30,False,1.0,True,False,False,2,True,A0A0D7BII7.1/61-128,346,A0A0D7BII7,Fungi,True
262,348,27,False,1.0,False,False,False,2,True,A0A1Q8RWU5.1/64-143,348,A0A1Q8RWU5,Fungi,False
263,350,19,False,1.0,False,False,False,2,True,A0A6H0XKI6.1/52-125,350,A0A6H0XKI6,Fungi,False
264,351,54,False,1.0,False,False,False,1,True,A0A084FV74.1/43-128,351,A0A084FV74,Fungi,False
265,352,46,False,0.1,False,False,False,2,True,A0A4S8S7F0.1/51-127,352,A0A4S8S7F0,Fungi,False
266,353,46,False,0.1,False,False,False,2,True,A0A1A7MMM5.1/50-127,353,A0A1A7MMM5,Fungi,False
267,354,46,False,0.1,False,False,False,2,True,A0A074Y426.1/50-127,354,A0A074Y426,Fungi,False
268,355,46,False,0.1,False,False,False,2,True,A0A4S8V0E0.1/50-127,355,A0A4S8V0E0,Fungi,False
269,356,46,False,0.1,False,False,False,2,True,A0A4S9LIY3.1/51-127,356,A0A4S9LIY3,Fungi,False
270,357,54,False,1.0,False,False,False,1,True,Q0UDC3.1/61-133,357,Q0UDC3,Fungi,False
271,358,55,False,1.0,False,False,False,1,True,A0A0A1T5W7.1/73-152,358,A0A0A1T5W7,Fungi,False
272,359,14,True,1.0,False,False,False,2,True,W3WNA3.1/61-138,359,W3WNA3,Fungi,False
273,360,14,True,1.0,False,False,False,2,True,A0A550C406.1/39-122,360,A0A550C406,Fungi,False
274,360,32,True,1.0,False,False,False,1,True,A0A550C406.1/39-122,360,A0A550C406,Fungi,False
275,363,10,False,0.5,False,False,False,2,True,A0A1X6NG38.1/11-90,363,A0A1X6NG38,Fungi,False
276,363,54,True,0.5,False,True,False,1,True,A0A1X6NG38.1/11-90,363,A0A1X6NG38,Fungi,True
277,363,62,False,0.5,True,False,False,1,True,A0A1X6NG38.1/11-90,363,A0A1X6NG38,Fungi,True
278,364,14,True,0.5,False,False,False,2,True,B8PID4.1/11-90,364,B8PID4,Fungi,False
279,364,30,False,0.5,False,True,False,1,True,B8PID4.1/11-90,364,B8PID4,Fungi,True
280,364,66,True,0.5,True,False,False,1,True,B8PID4.1/11-90,364,B8PID4,Fungi,True
281,366,20,False,1.0,False,False,False,2,True,A0A1G4AYX4.1/60-142,366,A0A1G4AYX4,Fungi,False
282,367,20,False,0.5,False,False,False,2,True,A0A1S1VWY8.1/59-142,367,A0A1S1VWY8,Fungi,False
283,369,76,False,0.5,True,True,True,0,True,A0A0F7TY14.1/47-123,369,A0A0F7TY14,Fungi,True
284,370,8,False,0.125,False,False,False,2,True,A0A4Q4UZP9.1/49-131,370,A0A4Q4UZP9,Fungi,False
285,372,12,False,1.0,False,False,False,2,True,A0A0G2H6S4.1/65-142,372,A0A0G2H6S4,Fungi,False
286,372,35,False,1.0,False,False,False,1,True,A0A0G2H6S4.1/65-142,372,A0A0G2H6S4,Fungi,False
287,373,30,False,1.0,True,False,False,2,True,A0A0D7BI90.1/64-128,373,A0A0D7BI90,Fungi,True
288,375,54,False,0.25,False,False,False,1,True,A0A4Q4QBB1.1/60-137,375,A0A4Q4QBB1,Fungi,False
289,377,54,False,0.25,False,False,False,1,True,A0A4V1X024.1/60-137,377,A0A4V1X024,Fungi,False
290,379,14,True,0.3333333333333333,False,False,False,1,True,G4UE07.1/73-150,379,G4UE07,Fungi,False
291,382,54,False,1.0,False,False,False,1,True,A0A364N219.1/63-136,382,A0A364N219,Fungi,False
292,384,78,True,0.3333333333333333,True,True,True,0,True,A0A7C8KTK0.1/59-128,384,A0A7C8KTK0,Fungi,True
293,385,78,True,0.3333333333333333,True,True,True,0,True,B6QSB5.1/59-128,385,B6QSB5,Fungi,True
294,387,24,False,1.0,False,False,False,2,True,D8QEK7.1/48-129,387,D8QEK7,Fungi,False
295,387,66,True,1.0,False,False,False,0,True,D8QEK7.1/48-129,387,D8QEK7,Fungi,False
296,390,14,True,0.5,False,True,False,0,True,A0A074S4N3.1/56-143,390,A0A074S4N3,Fungi,True
297,390,53,False,0.5,True,False,False,0,True,A0A074S4N3.1/56-143,390,A0A074S4N3,Fungi,True
298,391,14,True,0.5,False,True,False,0,True,A0A0A1UHW8.1/56-143,391,A0A0A1UHW8,Fungi,True
299,391,53,False,0.5,True,False,False,0,True,A0A0A1UHW8.1/56-143,391,A0A0A1UHW8,Fungi,True
300,392,54,True,1.0,False,False,False,1,True,A0A2S4L1S7.1/43-124,392,A0A2S4L1S7,Fungi,False
301,393,76,False,1.0,True,True,True,0,True,A0A3D8S526.1/52-127,393,A0A3D8S526,Fungi,True
302,396,18,False,1.0,False,False,False,0,True,A0A2K1R1X6.1/40-117,396,A0A2K1R1X6,Fungi,False
303,397,54,True,0.16666666666666666,False,False,False,1,True,G9N452.1/44-125,397,G9N452,Fungi,False
304,398,51,False,1.0,False,True,False,1,True,A0A077R256.1/41-131,398,A0A077R256,Fungi,True
305,398,66,True,1.0,True,True,True,1,True,A0A077R256.1/41-131,398,A0A077R256,Fungi,True
306,399,14,True,1.0,False,False,False,2,True,A0A175W5F6.1/59-135,399,A0A175W5F6,Fungi,False
307,400,51,False,0.1,False,False,False,2,True,A0A4S9KIW1.1/96-172,400,A0A4S9KIW1,Fungi,False
308,401,13,False,1.0,False,False,False,1,True,A0A0S6XCD2.1/44-123,401,A0A0S6XCD2,Fungi,False
309,401,54,True,1.0,False,False,False,0,True,A0A0S6XCD2.1/44-123,401,A0A0S6XCD2,Fungi,False
310,402,14,True,1.0,False,False,False,2,True,A0A6A6FLB4.1/50-128,402,A0A6A6FLB4,Fungi,False
311,403,28,False,1.0,False,False,False,2,True,A0A507B270.1/51-130,403,A0A507B270,Fungi,False
312,405,54,True,0.1111111111111111,False,False,False,1,True,A0A059JFS4.1/43-123,405,A0A059JFS4,Fungi,False
313,406,54,True,0.1111111111111111,False,False,False,1,True,F2PIH6.1/43-123,406,F2PIH6,Fungi,False
314,407,54,True,0.1111111111111111,False,False,False,1,True,F2S122.1/43-123,407,F2S122,Fungi,False
315,412,54,True,0.16666666666666666,False,False,False,1,True,A0A2T4A7Y6.1/44-125,412,A0A2T4A7Y6,Fungi,False
316,413,54,True,0.16666666666666666,False,False,False,1,True,A0A1T3CZ16.1/44-125,413,A0A1T3CZ16,Fungi,False
317,414,14,True,1.0,False,False,False,1,True,A0A6A6TET6.1/33-115,414,A0A6A6TET6,Fungi,False
318,415,36,False,1.0,True,False,False,0,True,E4ZYS1.1/60-132,415,E4ZYS1,Fungi,True
319,415,54,False,1.0,False,False,False,1,True,E4ZYS1.1/60-132,415,E4ZYS1,Fungi,False
320,416,54,False,1.0,False,False,False,1,True,A0A7C8I8R3.1/57-129,416,A0A7C8I8R3,Fungi,False
321,417,78,True,1.0,True,True,True,0,True,A0A395IB58.1/52-131,417,A0A395IB58,Fungi,True
322,421,54,False,0.5,False,False,False,1,True,A0A6A5S1E7.1/57-135,421,A0A6A5S1E7,Fungi,False
323,426,66,True,0.3333333333333333,False,False,False,2,True,L2FQZ0.1/14-91,426,L2FQZ0,Fungi,False
324,428,31,False,0.5,False,False,False,2,True,A0A4V2ENG0.1/35-117,428,A0A4V2ENG0,Fungi,False
325,429,54,True,0.5,False,False,False,1,True,A0A179G0F9.1/35-117,429,A0A179G0F9,Fungi,False
326,430,34,False,0.125,False,False,False,1,True,A0A4Q4U6M3.1/49-131,430,A0A4Q4U6M3,Fungi,False
327,430,77,False,0.125,False,False,False,2,True,A0A4Q4U6M3.1/49-131,430,A0A4Q4U6M3,Fungi,False
328,433,53,True,0.25,False,False,False,1,True,A0A4U6X9F8.1/62-143,433,A0A4U6X9F8,Fungi,False
329,434,14,True,1.0,False,True,False,1,True,A0A0C3NH10.1/30-119,434,A0A0C3NH10,Fungi,True
330,434,25,False,1.0,True,True,True,1,True,A0A0C3NH10.1/30-119,434,A0A0C3NH10,Fungi,True
331,434,43,False,1.0,True,False,False,1,True,A0A0C3NH10.1/30-119,434,A0A0C3NH10,Fungi,True
332,434,66,True,1.0,False,False,False,2,True,A0A0C3NH10.1/30-119,434,A0A0C3NH10,Fungi,False
333,435,54,False,0.1111111111111111,False,False,False,1,True,A0A022WA60.1/43-123,435,A0A022WA60,Fungi,False
334,436,54,False,0.1111111111111111,False,False,False,1,True,A0A022Y0C1.1/43-123,436,A0A022Y0C1,Fungi,False
335,438,54,False,0.1111111111111111,False,False,False,1,True,F2SWM2.1/43-123,438,F2SWM2,Fungi,False
336,439,54,True,1.0,False,False,False,1,True,A0A151GN00.1/201-282,439,A0A151GN00,Fungi,False
337,440,13,False,1.0,False,False,False,2,True,A0A2I0RQ14.1/54-133,440,A0A2I0RQ14,Fungi,False
338,441,54,True,1.0,False,False,False,1,True,E4UPH6.1/43-123,441,E4UPH6,Fungi,False
339,443,54,True,0.3333333333333333,False,False,False,1,True,A0A084B572.1/44-126,443,A0A084B572,Fungi,False
340,456,47,False,1.0,False,False,False,2,True,A0A0A1T5S2.1/39-122,456,A0A0A1T5S2,Fungi,False
341,456,74,False,1.0,False,False,False,0,True,A0A0A1T5S2.1/39-122,456,A0A0A1T5S2,Fungi,False
342,459,54,True,1.0,False,False,False,1,True,J3NPL7.1/56-139,459,J3NPL7,Fungi,False
343,461,24,False,1.0,False,False,False,2,True,D8Q2X5.1/61-124,461,D8Q2X5,Fungi,False
344,461,66,True,1.0,False,False,False,0,True,D8Q2X5.1/61-124,461,D8Q2X5,Fungi,False
345,463,78,True,1.0,True,True,True,0,True,A0A1L9U5I5.1/69-147,463,A0A1L9U5I5,Fungi,True
346,464,24,False,0.3333333333333333,False,True,False,2,True,A0A284RNS8.1/48-110,464,A0A284RNS8,Fungi,True
347,464,47,False,0.3333333333333333,True,False,False,2,True,A0A284RNS8.1/48-110,464,A0A284RNS8,Fungi,True
348,465,8,False,1.0,False,False,False,2,True,M7TGQ3.1/50-130,465,M7TGQ3,Fungi,False
349,466,18,False,0.5,False,False,False,1,True,A0A4U7B1C2.1/55-132,466,A0A4U7B1C2,Fungi,False
350,466,54,False,0.5,False,False,False,0,True,A0A4U7B1C2.1/55-132,466,A0A4U7B1C2,Fungi,False
351,467,18,False,0.5,False,False,False,1,True,A0A2P8A0F7.1/55-132,467,A0A2P8A0F7,Fungi,False
352,467,54,False,0.5,False,False,False,0,True,A0A2P8A0F7.1/55-132,467,A0A2P8A0F7,Fungi,False
353,468,34,False,0.25,False,False,False,2,True,A0A4P7NRY2.1/51-134,468,A0A4P7NRY2,Fungi,False
354,471,34,False,0.25,False,False,False,2,True,G4NI95.1/51-134,471,G4NI95,Fungi,False
355,472,54,False,0.25,False,False,False,1,True,L7IZQ1.1/51-134,472,L7IZQ1,Fungi,False
356,473,34,False,0.125,False,False,False,1,True,A0A4Q4TLS8.1/49-131,473,A0A4Q4TLS8,Fungi,False
357,473,77,False,0.125,False,False,False,2,True,A0A4Q4TLS8.1/49-131,473,A0A4Q4TLS8,Fungi,False
358,474,34,False,0.125,False,False,False,1,True,A0A4Q4VBR0.1/49-131,474,A0A4Q4VBR0,Fungi,False
359,474,77,False,0.125,False,False,False,2,True,A0A4Q4VBR0.1/49-131,474,A0A4Q4VBR0,Fungi,False
360,475,54,False,0.25,False,False,False,1,True,L7IH26.1/51-134,475,L7IH26,Fungi,False
361,476,28,False,0.5,False,False,False,1,True,A0A177UXU6.1/46-127,476,A0A177UXU6,Fungi,False
362,477,54,False,0.16666666666666666,False,False,False,1,True,M2T712.1/66-137,477,M2T712,Fungi,False
363,478,45,False,1.0,False,False,False,2,True,A0A177VU87.1/44-111,478,A0A177VU87,Fungi,False
364,479,54,True,0.3333333333333333,False,False,False,1,True,A0A084QGH5.1/45-126,479,A0A084QGH5,Fungi,False
365,480,24,False,0.3333333333333333,False,True,False,2,True,A0A2H3BRC7.1/48-110,480,A0A2H3BRC7,Fungi,True
366,480,47,False,0.3333333333333333,True,False,False,2,True,A0A2H3BRC7.1/48-110,480,A0A2H3BRC7,Fungi,True
367,481,43,False,0.3333333333333333,False,True,False,2,True,A0A2H3CS17.1/48-110,481,A0A2H3CS17,Fungi,True
368,481,66,True,0.3333333333333333,True,False,False,2,True,A0A2H3CS17.1/48-110,481,A0A2H3CS17,Fungi,True
369,482,11,False,1.0,False,True,False,2,True,A0A4S8KSI0.1/45-128,482,A0A4S8KSI0,Fungi,True
370,482,30,False,1.0,True,False,False,2,True,A0A4S8KSI0.1/45-128,482,A0A4S8KSI0,Fungi,True
371,483,34,False,0.125,False,False,False,1,True,A0A4Q4YPJ0.1/49-131,483,A0A4Q4YPJ0,Fungi,False
372,483,77,False,0.125,False,False,False,2,True,A0A4Q4YPJ0.1/49-131,483,A0A4Q4YPJ0,Fungi,False
373,485,53,True,0.3333333333333333,False,False,False,1,True,A0A7J6IP08.1/60-137,485,A0A7J6IP08,Fungi,False
374,486,53,True,0.5,False,False,False,1,True,A0A166SUC1.1/57-142,486,A0A166SUC1,Fungi,False
375,488,53,True,0.3333333333333333,False,False,False,1,True,T0LS35.1/60-137,488,T0LS35,Fungi,False
376,490,54,False,0.16666666666666666,False,False,False,1,True,W7EJM0.1/66-137,490,W7EJM0,Fungi,False
377,491,54,True,0.3333333333333333,False,False,False,1,True,A0A084AQ21.1/45-126,491,A0A084AQ21,Fungi,False
378,495,77,False,0.25,True,True,True,0,True,A0A2V5HZA2.1/48-127,495,A0A2V5HZA2,Fungi,True
379,496,29,False,1.0,False,False,False,2,True,A0A136JBR4.1/50-128,496,A0A136JBR4,Fungi,False
380,496,77,False,1.0,False,False,False,1,True,A0A136JBR4.1/50-128,496,A0A136JBR4,Fungi,False
381,497,66,False,1.0,False,False,False,1,True,V5FUV0.1/51-129,497,V5FUV0,Fungi,False
382,498,41,False,1.0,False,False,False,1,True,A0A1Y2UFL0.1/10-75,498,A0A1Y2UFL0,Fungi,False
383,499,14,True,1.0,False,False,False,1,True,A0A316VMY6.1/49-138,499,A0A316VMY6,Fungi,False
384,501,34,False,0.125,False,False,False,1,True,A0A4Q4W5N7.1/50-131,501,A0A4Q4W5N7,Fungi,False
385,501,77,False,0.125,False,False,False,2,True,A0A4Q4W5N7.1/50-131,501,A0A4Q4W5N7,Fungi,False
386,503,16,False,1.0,False,False,False,2,True,A0A317XSY4.1/59-127,503,A0A317XSY4,Fungi,False
387,505,14,True,1.0,True,True,True,1,True,K5Y7H4.1/51-129,505,K5Y7H4,Fungi,True
388,505,30,False,1.0,True,True,True,1,True,K5Y7H4.1/51-129,505,K5Y7H4,Fungi,True
389,505,66,True,1.0,True,False,False,1,True,K5Y7H4.1/51-129,505,K5Y7H4,Fungi,True
390,510,28,False,0.5,False,False,False,1,True,A0A177TU82.1/50-127,510,A0A177TU82,Fungi,False
391,513,34,False,0.125,False,False,False,1,True,A0A4Q4XY69.1/49-131,513,A0A4Q4XY69,Fungi,False
392,513,77,False,0.125,False,False,False,2,True,A0A4Q4XY69.1/49-131,513,A0A4Q4XY69,Fungi,False
393,514,14,True,1.0,False,True,False,1,True,A0A4R0RK79.1/41-130,514,A0A4R0RK79,Fungi,True
394,514,25,False,1.0,True,True,True,1,True,A0A4R0RK79.1/41-130,514,A0A4R0RK79,Fungi,True
395,514,43,False,1.0,True,False,False,1,True,A0A4R0RK79.1/41-130,514,A0A4R0RK79,Fungi,True
396,514,66,True,1.0,False,False,False,2,True,A0A4R0RK79.1/41-130,514,A0A4R0RK79,Fungi,False
397,516,54,True,0.5,False,False,False,1,True,A0A167ENY9.1/40-117,516,A0A167ENY9,Fungi,False
398,517,10,False,1.0,False,False,False,0,True,A0A0N1NYH6.1/55-136,517,A0A0N1NYH6,Fungi,False
399,520,54,True,0.5,False,False,False,1,True,A0A5C6G2F4.1/40-117,520,A0A5C6G2F4,Fungi,False
400,522,37,False,0.3333333333333333,True,False,False,2,True,A0A2H3CNF9.1/55-121,522,A0A2H3CNF9,Fungi,True
401,523,17,False,0.3333333333333333,False,False,False,1,True,A0A284RNX4.1/43-122,523,A0A284RNX4,Fungi,False
402,523,43,False,0.3333333333333333,False,True,False,2,True,A0A284RNX4.1/43-122,523,A0A284RNX4,Fungi,True
403,523,66,True,0.3333333333333333,True,False,False,2,True,A0A284RNX4.1/43-122,523,A0A284RNX4,Fungi,True
404,524,54,False,1.0,False,False,False,1,True,A0A2V1DAE2.1/66-140,524,A0A2V1DAE2,Fungi,False
405,525,43,False,0.3333333333333333,False,True,False,2,True,A0A284RNX0.1/62-126,525,A0A284RNX0,Fungi,True
406,525,66,True,0.3333333333333333,True,False,False,2,True,A0A284RNX0.1/62-126,525,A0A284RNX0,Fungi,True
407,526,11,False,1.0,True,False,False,0,True,A0A0C3EQ12.1/48-137,526,A0A0C3EQ12,Fungi,True
408,526,32,False,1.0,False,True,False,1,True,A0A0C3EQ12.1/48-137,526,A0A0C3EQ12,Fungi,True
409,526,36,False,1.0,True,True,True,1,True,A0A0C3EQ12.1/48-137,526,A0A0C3EQ12,Fungi,True
410,528,14,True,0.25,False,False,False,1,True,A0A6V8QP32.1/49-125,528,A0A6V8QP32,Fungi,False
411,529,14,True,0.25,False,False,False,1,True,A0A2T3ZJK7.1/49-125,529,A0A2T3ZJK7,Fungi,False
412,530,27,False,1.0,False,True,False,1,True,A0A369K9K4.1/49-121,530,A0A369K9K4,Fungi,True
413,530,36,False,1.0,True,True,True,1,True,A0A369K9K4.1/49-121,530,A0A369K9K4,Fungi,True
414,530,55,False,1.0,True,True,True,1,True,A0A369K9K4.1/49-121,530,A0A369K9K4,Fungi,True
415,531,34,False,0.125,False,False,False,1,True,A0A4Q4W9G6.1/50-131,531,A0A4Q4W9G6,Fungi,False
416,531,77,False,0.125,False,False,False,2,True,A0A4Q4W9G6.1/50-131,531,A0A4Q4W9G6,Fungi,False
417,532,43,False,0.3333333333333333,False,True,False,2,True,A0A2H3B6D8.1/62-126,532,A0A2H3B6D8,Fungi,True
418,532,66,True,0.3333333333333333,True,False,False,2,True,A0A2H3B6D8.1/62-126,532,A0A2H3B6D8,Fungi,True
419,533,29,False,1.0,False,False,False,2,True,A0A0F2MJM5.1/50-128,533,A0A0F2MJM5,Fungi,False
420,534,19,False,1.0,False,False,False,2,True,G9MRL4.1/53-130,534,G9MRL4,Fungi,False
421,536,78,False,0.0625,True,True,True,0,True,A0A319BFX2.1/54-131,536,A0A319BFX2,Fungi,True
422,537,18,False,1.0,False,False,False,2,True,E3QJ24.1/59-142,537,E3QJ24,Fungi,False
423,538,54,True,0.5,False,False,False,1,True,A0A6A6QD22.1/51-130,538,A0A6A6QD22,Fungi,False
424,539,19,False,0.5,False,False,False,2,True,A0A3S5CWM3.1/50-129,539,A0A3S5CWM3,Fungi,False
425,540,77,False,0.25,True,True,True,0,True,A0A319CFE4.1/48-127,540,A0A319CFE4,Fungi,True
426,542,54,True,0.1111111111111111,False,False,False,1,True,D4DER3.1/43-123,542,D4DER3,Fungi,False
427,543,14,True,0.25,False,False,False,1,True,G9P2R6.1/50-126,543,G9P2R6,Fungi,False
428,545,30,False,0.25,False,False,False,2,True,A0A2K0T1E1.1/50-126,545,A0A2K0T1E1,Fungi,False
429,547,54,True,1.0,False,False,False,1,True,A0A369GWZ1.1/40-120,547,A0A369GWZ1,Fungi,False
430,548,18,False,1.0,False,True,False,2,True,A0A137R1J0.1/7-92,548,A0A137R1J0,Fungi,True
431,548,66,True,1.0,True,True,True,2,True,A0A137R1J0.1/7-92,548,A0A137R1J0,Fungi,True
432,549,54,True,0.5,False,False,False,1,True,A0A2T3YXH5.1/50-132,549,A0A2T3YXH5,Fungi,False
433,550,54,True,1.0,False,False,False,1,True,A0A166R260.1/51-133,550,A0A166R260,Fungi,False
434,552,14,True,1.0,False,False,False,0,True,A0A286UEP4.1/70-158,552,A0A286UEP4,Fungi,False
435,552,19,True,1.0,False,True,False,1,True,A0A286UEP4.1/70-158,552,A0A286UEP4,Fungi,True
436,552,43,False,1.0,True,False,False,1,True,A0A286UEP4.1/70-158,552,A0A286UEP4,Fungi,True
437,552,66,True,1.0,False,False,False,2,True,A0A286UEP4.1/70-158,552,A0A286UEP4,Fungi,False
438,553,38,False,0.2,False,False,False,1,True,A0A2J8ERN8.1/39-120,553,A0A2J8ERN8,Fungi,False
439,557,66,True,1.0,False,False,False,1,True,B0D2B1.1/5-69,557,B0D2B1,Fungi,False
440,559,42,False,1.0,False,False,False,1,True,M2LHS5.1/61-120,559,M2LHS5,Fungi,False
441,560,14,True,0.5,False,False,False,1,True,A0A166API3.1/47-136,560,A0A166API3,Fungi,False
442,560,43,False,0.5,False,True,False,2,True,A0A166API3.1/47-136,560,A0A166API3,Fungi,True
443,560,66,True,0.5,True,False,False,2,True,A0A166API3.1/47-136,560,A0A166API3,Fungi,True
444,561,78,False,0.0625,True,True,True,0,True,A0A1M3TEN5.1/55-131,561,A0A1M3TEN5,Fungi,True
445,562,78,False,0.0625,True,True,True,0,True,A0A7R8A372.1/55-131,562,A0A7R8A372,Fungi,True
446,563,78,False,0.0625,True,True,True,0,True,G7XI83.1/55-131,563,G7XI83,Fungi,True
447,565,78,False,0.0625,True,True,True,0,True,A0A317VN31.1/55-131,565,A0A317VN31,Fungi,True
448,569,54,True,0.3333333333333333,False,False,False,1,True,A0A2K0TJE9.1/51-132,569,A0A2K0TJE9,Fungi,False
449,570,14,True,0.5,False,False,False,1,True,A0A165IVZ4.1/47-136,570,A0A165IVZ4,Fungi,False
450,570,43,False,0.5,False,True,False,2,True,A0A165IVZ4.1/47-136,570,A0A165IVZ4,Fungi,True
451,570,66,True,0.5,True,False,False,2,True,A0A165IVZ4.1/47-136,570,A0A165IVZ4,Fungi,True
452,571,43,False,1.0,True,False,False,0,True,A0A550C7L8.1/60-124,571,A0A550C7L8,Fungi,True
453,571,66,True,1.0,False,False,False,2,True,A0A550C7L8.1/60-124,571,A0A550C7L8,Fungi,False
454,572,54,True,0.5,False,False,False,1,True,A0A6A6YF61.1/51-130,572,A0A6A6YF61,Fungi,False
455,573,54,True,0.3333333333333333,False,False,False,1,True,A0A2P4Z7G6.1/51-132,573,A0A2P4Z7G6,Fungi,False
456,574,54,True,0.3333333333333333,False,False,False,1,True,G9NPV1.1/50-132,574,G9NPV1,Fungi,False
457,575,50,False,1.0,False,True,False,1,True,A0A2H3IVB5.1/20-98,575,A0A2H3IVB5,Fungi,True
458,575,57,False,1.0,True,True,True,1,True,A0A2H3IVB5.1/20-98,575,A0A2H3IVB5,Fungi,True
459,575,73,False,1.0,True,True,True,1,True,A0A2H3IVB5.1/20-98,575,A0A2H3IVB5,Fungi,True
460,577,77,False,0.3333333333333333,True,True,True,0,True,K9FGZ3.1/59-125,577,K9FGZ3,Fungi,True
461,578,77,False,0.3333333333333333,True,True,True,0,True,K9G070.1/59-125,578,K9G070,Fungi,True
462,579,54,False,1.0,False,False,False,1,True,C5FST5.1/44-123,579,C5FST5,Fungi,False
463,580,17,False,0.3333333333333333,False,False,False,1,True,A0A2H3BHC6.1/41-121,580,A0A2H3BHC6,Fungi,False
464,580,43,False,0.3333333333333333,False,True,False,2,True,A0A2H3BHC6.1/41-121,580,A0A2H3BHC6,Fungi,True
465,580,66,True,0.3333333333333333,True,False,False,2,True,A0A2H3BHC6.1/41-121,580,A0A2H3BHC6,Fungi,True
466,581,57,False,0.3333333333333333,True,True,True,0,True,A0A1R3S393.1/81-157,581,A0A1R3S393,Fungi,True
467,583,54,True,1.0,False,False,False,1,True,A0A066XKM4.1/51-132,583,A0A066XKM4,Fungi,False
468,584,78,False,0.0625,True,True,True,0,True,A0A3F3PTZ1.1/55-131,584,A0A3F3PTZ1,Fungi,True
469,586,28,False,1.0,True,True,True,1,True,A0A1J7J7U3.1/52-130,586,A0A1J7J7U3,Fungi,True
470,587,54,True,0.5,False,False,False,1,True,L2FSY2.1/52-134,587,L2FSY2,Fungi,False
471,590,14,True,0.3333333333333333,False,False,False,2,True,A0A090CIH8.1/61-134,590,A0A090CIH8,Fungi,False
472,591,14,True,0.3333333333333333,False,False,False,2,True,A0A447C0S3.1/61-134,591,A0A447C0S3,Fungi,False
473,595,78,False,0.0625,True,True,True,0,True,A0A370PU00.1/55-131,595,A0A370PU00,Fungi,True
474,596,78,False,0.0625,True,True,True,0,True,G3XW03.1/55-131,596,G3XW03,Fungi,True
475,597,32,False,1.0,False,False,False,2,True,A0A167TEA1.1/45-125,597,A0A167TEA1,Fungi,False
476,599,54,True,1.0,False,False,False,1,True,A0A161VTC3.1/51-132,599,A0A161VTC3,Fungi,False
477,600,14,True,0.5,False,False,False,1,True,G2QWU1.1/50-129,600,G2QWU1,Fungi,False
478,601,46,False,1.0,True,False,False,1,True,A0A505HXG3.1/402-478,601,A0A505HXG3,Fungi,True
479,603,77,False,1.0,True,True,True,0,True,A0A072PM38.1/85-166,603,A0A072PM38,Fungi,True
480,604,14,True,1.0,False,False,False,2,True,A0A4Y7PVY0.1/44-133,604,A0A4Y7PVY0,Fungi,False
481,604,32,True,1.0,False,True,False,1,True,A0A4Y7PVY0.1/44-133,604,A0A4Y7PVY0,Fungi,True
482,604,40,False,1.0,True,True,True,1,True,A0A4Y7PVY0.1/44-133,604,A0A4Y7PVY0,Fungi,True
483,608,30,False,1.0,False,True,False,0,True,A0A0B7FES8.1/56-142,608,A0A0B7FES8,Fungi,True
484,608,66,True,1.0,True,False,False,0,True,A0A0B7FES8.1/56-142,608,A0A0B7FES8,Fungi,True
485,609,58,False,0.3333333333333333,False,False,False,0,True,B2B5J4.1/85-158,609,B2B5J4,Fungi,False
486,610,19,False,0.25,False,False,False,2,True,A0A2H2Z5L8.1/54-130,610,A0A2H2Z5L8,Fungi,False
487,611,14,True,0.25,False,False,False,1,True,A0A024SDF9.1/54-130,611,A0A024SDF9,Fungi,False
488,612,14,True,1.0,True,True,True,1,True,A0A4Y9ZVW6.1/47-121,612,A0A4Y9ZVW6,Fungi,True
489,612,30,False,1.0,True,True,True,1,True,A0A4Y9ZVW6.1/47-121,612,A0A4Y9ZVW6,Fungi,True
490,612,66,True,1.0,True,False,False,1,True,A0A4Y9ZVW6.1/47-121,612,A0A4Y9ZVW6,Fungi,True
491,613,14,True,1.0,True,True,True,0,True,A0A6A6GRV0.1/23-99,613,A0A6A6GRV0,Fungi,True
492,615,77,False,0.25,True,True,True,0,True,A0A1L9X8B8.1/54-133,615,A0A1L9X8B8,Fungi,True
493,616,43,False,1.0,False,True,False,2,True,A0A146HQG2.1/64-126,616,A0A146HQG2,Fungi,True
494,616,66,True,1.0,True,False,False,2,True,A0A146HQG2.1/64-126,616,A0A146HQG2,Fungi,True
495,617,33,False,1.0,False,False,False,2,True,A0A3N4L710.1/9-75,617,A0A3N4L710,Fungi,False
496,618,32,False,0.3333333333333333,True,False,False,2,True,A0A2H3CRZ0.1/62-126,618,A0A2H3CRZ0,Fungi,True
497,620,54,True,1.0,False,False,False,1,True,A0A367LG42.1/38-117,620,A0A367LG42,Fungi,False
498,621,54,False,1.0,False,False,False,1,True,A0A1G4BAG3.1/44-122,621,A0A1G4BAG3,Fungi,False
499,622,54,True,0.16666666666666666,False,False,False,1,True,A0A0B4HKU9.1/38-117,622,A0A0B4HKU9,Fungi,False
500,623,14,True,0.25,False,False,False,1,True,A0A2T4CEI7.1/54-130,623,A0A2T4CEI7,Fungi,False
501,624,14,True,1.0,False,False,False,2,True,W2S875.1/58-121,624,W2S875,Fungi,False
502,625,54,True,1.0,False,False,False,1,True,A0A179HQH0.1/46-129,625,A0A179HQH0,Fungi,False
503,627,20,False,0.5,False,True,False,2,True,A0A0P1BBG4.1/39-120,627,A0A0P1BBG4,Fungi,True
504,627,29,False,0.5,True,False,False,2,True,A0A0P1BBG4.1/39-120,627,A0A0P1BBG4,Fungi,True
505,627,45,False,0.5,False,False,False,1,True,A0A0P1BBG4.1/39-120,627,A0A0P1BBG4,Fungi,False
506,627,66,True,0.5,False,True,False,2,True,A0A0P1BBG4.1/39-120,627,A0A0P1BBG4,Fungi,True
507,628,14,True,1.0,False,False,False,2,True,F0XBW1.1/60-137,628,F0XBW1,Fungi,False
508,629,30,False,1.0,True,False,False,0,True,R7SWP3.1/19-87,629,R7SWP3,Fungi,True
509,629,63,False,1.0,False,False,False,1,True,R7SWP3.1/19-87,629,R7SWP3,Fungi,False
510,630,57,False,1.0,False,False,False,1,True,A0A4Q9PDB2.1/23-93,630,A0A4Q9PDB2,Fungi,False
511,631,54,True,0.16666666666666666,False,False,False,1,True,A0A0B4FT56.1/38-117,631,A0A0B4FT56,Fungi,False
512,632,54,True,0.16666666666666666,False,False,False,1,True,A0A0D9PAS7.1/38-117,632,A0A0D9PAS7,Fungi,False
513,634,54,True,0.16666666666666666,False,False,False,1,True,A0A0A1V4M9.1/38-117,634,A0A0A1V4M9,Fungi,False
514,635,54,True,0.16666666666666666,False,False,False,1,True,A0A0B2XFW9.1/38-117,635,A0A0B2XFW9,Fungi,False
515,636,14,True,0.25,False,False,False,1,True,A0A2T4BLV8.1/53-130,636,A0A2T4BLV8,Fungi,False
516,637,62,True,1.0,False,False,False,2,True,A0A0C3CFS8.1/40-114,637,A0A0C3CFS8,Fungi,False
517,638,20,False,0.5,False,True,False,2,True,A0A316W079.1/39-120,638,A0A316W079,Fungi,True
518,638,29,False,0.5,True,False,False,2,True,A0A316W079.1/39-120,638,A0A316W079,Fungi,True
519,638,45,False,0.5,False,False,False,1,True,A0A316W079.1/39-120,638,A0A316W079,Fungi,False
520,638,66,True,0.5,False,True,False,2,True,A0A316W079.1/39-120,638,A0A316W079,Fungi,True
521,639,28,False,0.16666666666666666,False,False,False,2,True,A0A7D5YYM9.1/38-117,639,A0A7D5YYM9,Fungi,False
522,640,78,False,1.0,True,True,True,0,True,A0A319DJC2.1/58-129,640,A0A319DJC2,Fungi,True
523,642,30,False,1.0,True,False,False,2,True,A0A166I9W5.1/54-128,642,A0A166I9W5,Fungi,True
524,643,44,False,0.5,False,True,False,1,True,A0A5C2S0V0.1/43-99,643,A0A5C2S0V0,Fungi,True
525,643,54,True,0.5,True,True,True,1,True,A0A5C2S0V0.1/43-99,643,A0A5C2S0V0,Fungi,True
526,643,69,False,0.5,True,True,True,1,True,A0A5C2S0V0.1/43-99,643,A0A5C2S0V0,Fungi,True
527,644,30,False,0.5,True,True,True,1,True,A0A5C2U2Z5.1/43-99,644,A0A5C2U2Z5,Fungi,True
528,644,66,True,0.5,True,False,False,1,True,A0A5C2U2Z5.1/43-99,644,A0A5C2U2Z5,Fungi,True
529,645,19,False,1.0,False,False,False,1,True,A0A5C3QN66.1/57-134,645,A0A5C3QN66,Fungi,False
530,645,43,False,1.0,False,True,False,2,True,A0A5C3QN66.1/57-134,645,A0A5C3QN66,Fungi,True
531,645,66,True,1.0,True,False,False,2,True,A0A5C3QN66.1/57-134,645,A0A5C3QN66,Fungi,True
532,646,30,False,1.0,False,False,False,2,True,A0A167VRZ5.1/38-119,646,A0A167VRZ5,Fungi,False
533,647,30,False,1.0,False,False,False,2,True,A0A0M9VTY0.1/54-126,647,A0A0M9VTY0,Fungi,False
534,648,43,False,1.0,False,True,False,2,True,A0A4V4HEK5.1/69-132,648,A0A4V4HEK5,Fungi,True
535,648,66,True,1.0,True,False,False,2,True,A0A4V4HEK5.1/69-132,648,A0A4V4HEK5,Fungi,True
536,650,54,True,1.0,False,False,False,1,True,A0A2A9P353.1/49-128,650,A0A2A9P353,Fungi,False
537,653,30,False,0.3333333333333333,True,True,True,1,True,A0A0W0EY64.1/62-123,653,A0A0W0EY64,Fungi,True
538,653,66,True,0.3333333333333333,True,False,False,1,True,A0A0W0EY64.1/62-123,653,A0A0W0EY64,Fungi,True
539,654,27,False,0.5,False,False,False,0,True,A0A1D9QHT7.1/42-99,654,A0A1D9QHT7,Fungi,False
540,655,27,False,0.5,False,False,False,0,True,A7EM47.1/42-99,655,A7EM47,Fungi,False
541,657,32,False,1.0,True,True,True,0,True,A0A0D1ZI63.1/125-207,657,A0A0D1ZI63,Fungi,True
542,658,14,True,1.0,False,True,False,1,True,A0A0H2S1S9.1/44-130,658,A0A0H2S1S9,Fungi,True
543,658,19,True,1.0,True,True,True,1,True,A0A0H2S1S9.1/44-130,658,A0A0H2S1S9,Fungi,True
544,658,43,False,1.0,True,False,False,1,True,A0A0H2S1S9.1/44-130,658,A0A0H2S1S9,Fungi,True
545,658,66,True,1.0,False,False,False,2,True,A0A0H2S1S9.1/44-130,658,A0A0H2S1S9,Fungi,False
546,659,77,False,1.0,True,True,True,0,True,A0A0A2LBC9.1/59-126,659,A0A0A2LBC9,Fungi,True
547,660,30,False,1.0,False,True,False,1,True,A0A0C3KFT9.1/40-118,660,A0A0C3KFT9,Fungi,True
548,660,40,False,1.0,True,False,False,1,True,A0A0C3KFT9.1/40-118,660,A0A0C3KFT9,Fungi,True
549,661,62,True,1.0,False,False,False,2,True,A0A2J6SDJ9.1/42-118,661,A0A2J6SDJ9,Fungi,False
550,663,54,True,1.0,False,False,False,1,True,E9DVW2.1/36-118,663,E9DVW2,Fungi,False
551,665,30,False,0.3333333333333333,True,True,True,1,True,V2XLK8.1/62-123,665,V2XLK8,Fungi,True
552,665,66,True,0.3333333333333333,True,False,False,1,True,V2XLK8.1/62-123,665,V2XLK8,Fungi,True
553,667,14,True,0.5,False,True,False,2,True,A0A164V0Z3.1/42-129,667,A0A164V0Z3,Fungi,True
554,667,44,False,0.5,True,False,False,2,True,A0A164V0Z3.1/42-129,667,A0A164V0Z3,Fungi,True
555,668,14,True,0.5,False,False,False,1,True,A0A166EUC6.1/42-129,668,A0A166EUC6,Fungi,False
556,668,43,False,0.5,False,True,False,2,True,A0A166EUC6.1/42-129,668,A0A166EUC6,Fungi,True
557,668,66,True,0.5,True,False,False,2,True,A0A166EUC6.1/42-129,668,A0A166EUC6,Fungi,True
558,672,32,False,0.3333333333333333,True,True,True,1,True,E2LY06.1/62-123,672,E2LY06,Fungi,True
559,672,54,True,0.3333333333333333,True,True,True,1,True,E2LY06.1/62-123,672,E2LY06,Fungi,True
560,673,61,False,1.0,False,False,False,0,True,A0A5J5EEY8.1/47-108,673,A0A5J5EEY8,Fungi,False
561,674,9,False,1.0,False,False,False,2,True,A0A059J9F3.1/34-105,674,A0A059J9F3,Fungi,False
562,676,14,True,1.0,False,False,False,2,True,A0A137QHR6.1/20-95,676,A0A137QHR6,Fungi,False
563,676,30,False,1.0,False,True,False,1,True,A0A137QHR6.1/20-95,676,A0A137QHR6,Fungi,True
564,676,66,True,1.0,True,False,False,1,True,A0A137QHR6.1/20-95,676,A0A137QHR6,Fungi,True
565,678,66,True,1.0,True,True,True,0,True,A0A3A2ZPF6.1/63-140,678,A0A3A2ZPF6,Fungi,True
566,679,32,False,0.5,False,False,False,2,True,J6F554.1/45-121,679,J6F554,Fungi,False
567,680,32,False,0.5,False,False,False,2,True,K1WJI4.1/45-121,680,K1WJI4,Fungi,False
568,683,14,True,0.5,True,True,True,1,True,A0A5B1QF34.1/47-121,683,A0A5B1QF34,Fungi,True
569,683,30,False,0.5,True,True,True,1,True,A0A5B1QF34.1/47-121,683,A0A5B1QF34,Fungi,True
570,683,66,True,0.5,True,False,False,1,True,A0A5B1QF34.1/47-121,683,A0A5B1QF34,Fungi,True
571,686,27,False,0.5,False,True,False,1,True,A0A4Y9ZD88.1/47-121,686,A0A4Y9ZD88,Fungi,True
572,686,36,False,0.5,True,True,True,1,True,A0A4Y9ZD88.1/47-121,686,A0A4Y9ZD88,Fungi,True
573,686,55,False,0.5,True,True,True,1,True,A0A4Y9ZD88.1/47-121,686,A0A4Y9ZD88,Fungi,True
574,687,14,True,1.0,False,False,False,2,True,A0A165W6Q6.1/36-110,687,A0A165W6Q6,Fungi,False
575,687,30,False,1.0,False,True,False,1,True,A0A165W6Q6.1/36-110,687,A0A165W6Q6,Fungi,True
576,687,66,True,1.0,True,False,False,1,True,A0A165W6Q6.1/36-110,687,A0A165W6Q6,Fungi,True
577,688,43,False,1.0,True,False,False,0,True,A0A3E2HDS9.1/28-104,688,A0A3E2HDS9,Fungi,True
578,688,66,True,1.0,False,False,False,2,True,A0A3E2HDS9.1/28-104,688,A0A3E2HDS9,Fungi,False
579,689,14,True,1.0,False,False,False,2,True,W4KMR1.1/18-95,689,W4KMR1,Fungi,False
580,689,30,False,1.0,False,True,False,1,True,W4KMR1.1/18-95,689,W4KMR1,Fungi,True
581,689,66,True,1.0,True,False,False,1,True,W4KMR1.1/18-95,689,W4KMR1,Fungi,True
582,690,15,False,1.0,False,True,False,1,True,A0A5M3N7Q7.1/50-122,690,A0A5M3N7Q7,Fungi,True
583,690,32,False,1.0,True,True,True,1,True,A0A5M3N7Q7.1/50-122,690,A0A5M3N7Q7,Fungi,True
584,690,54,False,1.0,True,True,True,1,True,A0A5M3N7Q7.1/50-122,690,A0A5M3N7Q7,Fungi,True
585,691,5,False,1.0,False,False,False,2,True,A0A316UT24.1/37-118,691,A0A316UT24,Fungi,False
586,692,27,False,0.3333333333333333,False,False,False,0,True,A0A395IWR4.1/44-99,692,A0A395IWR4,Fungi,False
587,693,30,False,1.0,False,True,False,0,True,A0A0K6G397.1/56-141,693,A0A0K6G397,Fungi,True
588,693,66,True,1.0,True,False,False,0,True,A0A0K6G397.1/56-141,693,A0A0K6G397,Fungi,True
589,694,66,True,0.09090909090909091,False,False,False,2,True,A0A4Z1JQ09.1/43-110,694,A0A4Z1JQ09,Fungi,False
590,695,27,False,0.5,False,False,False,1,True,A0A177VAZ8.1/48-123,695,A0A177VAZ8,Fungi,False
591,695,66,True,0.5,False,True,False,0,True,A0A177VAZ8.1/48-123,695,A0A177VAZ8,Fungi,True
592,696,27,False,0.5,False,False,False,1,True,A0A177VLI7.1/48-123,696,A0A177VLI7,Fungi,False
593,696,66,True,0.5,False,True,False,0,True,A0A177VLI7.1/48-123,696,A0A177VLI7,Fungi,True
594,697,54,True,1.0,False,False,False,1,True,A0A369H4T0.1/39-119,697,A0A369H4T0,Fungi,False
595,698,55,False,1.0,False,False,False,2,True,A0A6A4IG68.1/45-104,698,A0A6A4IG68,Fungi,False
596,699,43,False,1.0,False,True,False,2,True,A0A4S8LJU2.1/71-133,699,A0A4S8LJU2,Fungi,True
597,699,66,True,1.0,True,False,False,2,True,A0A4S8LJU2.1/71-133,699,A0A4S8LJU2,Fungi,True
598,700,14,True,1.0,False,False,False,1,True,A0A395NGC0.1/51-127,700,A0A395NGC0,Fungi,False
599,702,27,False,0.09090909090909091,False,False,False,0,True,A0A4Z1GUQ9.1/43-99,702,A0A4Z1GUQ9,Fungi,False
600,704,0,True,1.0,True,False,False,0,True,A0A177TG83.1/377-453,704,A0A177TG83,Fungi,True
601,704,45,False,1.0,False,False,False,2,True,A0A177TG83.1/377-453,704,A0A177TG83,Fungi,False
602,705,27,False,0.09090909090909091,False,False,False,0,True,M7TTU9.1/43-99,705,M7TTU9,Fungi,False
603,706,27,False,0.09090909090909091,False,False,False,0,True,A0A384JMU7.1/43-99,706,A0A384JMU7,Fungi,False
604,707,11,False,1.0,True,True,True,0,True,A0A3N4JZ58.1/12-97,707,A0A3N4JZ58,Fungi,True
605,708,54,False,1.0,False,False,False,1,True,A0A6A6TVS8.1/48-119,708,A0A6A6TVS8,Fungi,False
606,708,69,False,1.0,False,False,False,0,True,A0A6A6TVS8.1/48-119,708,A0A6A6TVS8,Fungi,False
607,711,78,False,1.0,True,True,True,0,True,W9XZU6.1/70-150,711,W9XZU6,Fungi,True
608,712,14,True,1.0,False,False,False,2,True,K5XE33.1/6-85,712,K5XE33,Fungi,False
609,712,30,False,1.0,False,True,False,1,True,K5XE33.1/6-85,712,K5XE33,Fungi,True
610,712,66,True,1.0,True,False,False,1,True,K5XE33.1/6-85,712,K5XE33,Fungi,True
611,714,27,False,0.09090909090909091,False,False,False,0,True,A0A4Z1EXM9.1/45-99,714,A0A4Z1EXM9,Fungi,False
612,717,30,False,1.0,False,True,False,0,True,A0A0B7FCS3.1/56-142,717,A0A0B7FCS3,Fungi,True
613,717,66,True,1.0,True,False,False,0,True,A0A0B7FCS3.1/56-142,717,A0A0B7FCS3,Fungi,True
614,718,54,True,0.5,False,False,False,1,True,A0A6V8R258.1/50-113,718,A0A6V8R258,Fungi,False
615,719,27,False,1.0,False,False,False,0,True,A0A0C3D861.1/37-111,719,A0A0C3D861,Fungi,False
616,721,69,False,1.0,True,True,True,0,True,A0A0D7AIR8.1/19-94,721,A0A0D7AIR8,Fungi,True
617,722,33,False,0.5,False,True,False,1,True,A0A165XL08.1/59-135,722,A0A165XL08,Fungi,True
618,722,38,False,0.5,True,True,True,1,True,A0A165XL08.1/59-135,722,A0A165XL08,Fungi,True
619,723,0,True,0.5,False,True,False,1,True,A0A166WJ14.1/59-135,723,A0A166WJ14,Fungi,True
620,723,17,False,0.5,True,True,True,1,True,A0A166WJ14.1/59-135,723,A0A166WJ14,Fungi,True
621,723,43,False,0.5,True,False,False,1,True,A0A166WJ14.1/59-135,723,A0A166WJ14,Fungi,True
622,724,14,True,0.3333333333333333,True,True,True,1,True,A0A4Q9N3W8.1/45-119,724,A0A4Q9N3W8,Fungi,True
623,724,30,False,0.3333333333333333,True,True,True,1,True,A0A4Q9N3W8.1/45-119,724,A0A4Q9N3W8,Fungi,True
624,724,66,True,0.3333333333333333,True,False,False,1,True,A0A4Q9N3W8.1/45-119,724,A0A4Q9N3W8,Fungi,True
625,725,27,False,1.0,False,False,False,2,True,A0A5C3EUA1.1/51-125,725,A0A5C3EUA1,Fungi,False
626,726,54,True,1.0,False,False,False,1,True,A0A0G2GPM7.1/43-121,726,A0A0G2GPM7,Fungi,False
627,727,54,False,1.0,False,False,False,1,True,F2PXX0.1/36-111,727,F2PXX0,Fungi,False
628,729,0,True,0.3333333333333333,True,True,True,1,True,A0A4Q9Q930.1/54-119,729,A0A4Q9Q930,Fungi,True
629,729,30,False,0.3333333333333333,True,True,True,1,True,A0A4Q9Q930.1/54-119,729,A0A4Q9Q930,Fungi,True
630,729,66,True,0.3333333333333333,True,False,False,1,True,A0A4Q9Q930.1/54-119,729,A0A4Q9Q930,Fungi,True
631,732,0,True,0.3333333333333333,True,True,True,1,True,A0A4Q9NML1.1/54-119,732,A0A4Q9NML1,Fungi,True
632,732,30,False,0.3333333333333333,True,True,True,1,True,A0A4Q9NML1.1/54-119,732,A0A4Q9NML1,Fungi,True
633,732,66,True,0.3333333333333333,True,False,False,1,True,A0A4Q9NML1.1/54-119,732,A0A4Q9NML1,Fungi,True
634,734,21,False,1.0,True,False,False,1,True,A0A0C9WYL3.1/38-124,734,A0A0C9WYL3,Fungi,True
635,734,66,True,1.0,False,True,False,2,True,A0A0C9WYL3.1/38-124,734,A0A0C9WYL3,Fungi,True
636,735,31,False,1.0,False,False,False,2,True,A0A0D0BXH0.1/64-129,735,A0A0D0BXH0,Fungi,False
