,index,exon_bs_aa,exon_bs_ins,exon_rew,last_ex_sym,next_ex_sym,both_ex_sym,intron_ph,phases_ok,uniprot_name,protein_index,uniprot_id,kingdom,any_exon_sym
0,1,99,False,1.0,False,False,False,0,True,A0A7J7FC41.1/193-303,1,A0A7J7FC41,Metazoa,False
1,8,106,True,1.0,False,True,False,2,True,A0A212CVF4.1/48-159,8,A0A212CVF4,Metazoa,True
2,9,99,True,1.0,True,False,False,2,True,A0A212CVF4.1/217-325,9,A0A212CVF4,Metazoa,True
3,10,64,False,0.5,False,False,False,2,True,A0A4U1END3.1/85-196,10,A0A4U1END3,Metazoa,False
4,10,67,False,0.5,False,True,False,1,True,A0A4U1END3.1/85-196,10,A0A4U1END3,Metazoa,True
5,10,82,False,0.5,True,False,False,1,True,A0A4U1END3.1/85-196,10,A0A4U1END3,Metazoa,True
6,11,59,False,0.5,False,False,False,2,True,A0A4U1END3.1/259-373,11,A0A4U1END3,Metazoa,False
7,11,67,False,0.5,False,True,False,0,True,A0A4U1END3.1/259-373,11,A0A4U1END3,Metazoa,True
8,17,97,False,1.0,True,False,False,2,True,A0A212CU05.1/126-236,17,A0A212CU05,Metazoa,True
9,25,38,False,1.0,False,False,False,2,True,S7MEN1.1/110-224,25,S7MEN1,Metazoa,False
10,31,77,False,1.0,False,False,False,1,True,A0A2F0B2M7.1/75-192,31,A0A2F0B2M7,Metazoa,False
11,31,80,False,1.0,False,False,False,2,True,A0A2F0B2M7.1/75-192,31,A0A2F0B2M7,Metazoa,False
12,32,90,False,1.0,True,True,True,0,True,S9WIY7.1/56-173,32,S9WIY7,Metazoa,True
13,37,92,False,1.0,False,False,False,2,True,L5LR21.1/54-169,37,L5LR21,Metazoa,False
14,40,75,False,1.0,False,False,False,2,True,S7PBF6.1/72-186,40,S7PBF6,Metazoa,False
15,42,93,False,1.0,False,False,False,2,True,S7MPI6.1/51-163,42,S7MPI6,Metazoa,False
16,49,83,False,1.0,True,True,True,1,True,A0A061IQQ4.1/107-202,49,A0A061IQQ4,Metazoa,True
17,50,74,False,1.0,True,False,False,1,True,A0A061IQQ4.1/261-344,50,A0A061IQQ4,Metazoa,True
18,52,52,False,1.0,True,False,False,0,True,A0A061INS2.1/97-207,52,A0A061INS2,Metazoa,True
19,52,86,False,1.0,False,False,False,2,True,A0A061INS2.1/97-207,52,A0A061INS2,Metazoa,False
20,57,91,False,1.0,False,False,False,2,True,S7PPJ1.1/55-168,57,S7PPJ1,Metazoa,False
21,59,59,False,1.0,False,False,False,2,True,L8I626.1/78-188,59,L8I626,Metazoa,False
22,64,93,False,1.0,False,False,False,2,True,A0A5N4E3Z1.1/41-157,64,A0A5N4E3Z1,Metazoa,False
23,65,106,True,0.5,False,False,False,1,True,G5B0T9.1/34-133,65,G5B0T9,Metazoa,False
24,66,83,False,1.0,False,False,False,2,True,A0A5E4BR96.1/3-94,66,A0A5E4BR96,Metazoa,False
25,69,56,False,1.0,True,False,False,0,True,A0A5N4E191.1/78-197,69,A0A5N4E191,Metazoa,True
26,69,77,False,1.0,False,False,False,2,True,A0A5N4E191.1/78-197,69,A0A5N4E191,Metazoa,False
27,70,75,False,1.0,True,True,True,1,True,V8NAA5.1/103-212,70,V8NAA5,Metazoa,True
29,75,66,False,0.5,True,False,False,2,True,G3I1R6.1/119-196,75,G3I1R6,Metazoa,True
30,76,73,False,1.0,False,False,False,1,True,A0A5N3XKV5.1/51-142,76,A0A5N3XKV5,Metazoa,False
31,79,79,False,1.0,False,False,False,1,True,A0A5N3VXM2.1/33-119,79,A0A5N3VXM2,Metazoa,False
32,82,44,False,1.0,False,False,False,2,True,A0A091D920.1/32-152,82,A0A091D920,Metazoa,False
33,84,42,False,1.0,False,False,False,2,True,L5MB80.1/111-227,84,L5MB80,Metazoa,False
34,84,96,False,1.0,False,False,False,1,True,L5MB80.1/111-227,84,L5MB80,Metazoa,False
35,85,36,False,1.0,True,True,True,0,True,A0A1V4JTC2.1/102-214,85,A0A1V4JTC2,Metazoa,True
36,86,99,True,1.0,False,False,False,0,True,S7PI05.1/301-421,86,S7PI05,Metazoa,False
37,87,56,True,1.0,False,False,False,2,True,A0A6B0SDN5.1/95-205,87,A0A6B0SDN5,Metazoa,False
38,87,86,False,1.0,False,False,False,1,True,A0A6B0SDN5.1/95-205,87,A0A6B0SDN5,Metazoa,False
39,88,60,False,1.0,False,False,False,2,True,A0A151NYV6.1/94-204,88,A0A151NYV6,Metazoa,False
40,89,50,False,1.0,False,True,False,2,True,S7PBZ7.1/104-219,89,S7PBZ7,Metazoa,True
41,89,76,False,1.0,True,True,True,2,True,S7PBZ7.1/104-219,89,S7PBZ7,Metazoa,True
42,94,30,False,1.0,False,False,False,2,True,A0A643C5G0.1/124-239,94,A0A643C5G0,Metazoa,False
43,94,45,False,1.0,False,True,False,1,True,A0A643C5G0.1/124-239,94,A0A643C5G0,Metazoa,True
44,94,88,False,1.0,True,False,False,1,True,A0A643C5G0.1/124-239,94,A0A643C5G0,Metazoa,True
45,96,65,False,1.0,False,False,False,2,True,A0A151LY34.1/87-199,96,A0A151LY34,Metazoa,False
46,98,10,False,1.0,True,True,True,1,True,A0A498NM61.1/226-338,98,A0A498NM61,Metazoa,True
47,98,44,False,1.0,True,True,True,1,True,A0A498NM61.1/226-338,98,A0A498NM61,Metazoa,True
48,98,64,False,1.0,True,True,True,1,True,A0A498NM61.1/226-338,98,A0A498NM61,Metazoa,True
49,98,94,False,1.0,True,False,False,1,True,A0A498NM61.1/226-338,98,A0A498NM61,Metazoa,True
50,102,93,False,1.0,True,False,False,0,True,A0A5J5CQM1.1/38-114,102,A0A5J5CQM1,Metazoa,True
51,106,95,False,1.0,True,True,True,0,True,A0A6A5F2H1.1/50-161,106,A0A6A5F2H1,Metazoa,True
52,107,59,False,1.0,True,True,True,0,True,A0A6G1PUX5.1/87-198,107,A0A6G1PUX5,Metazoa,True
53,108,102,False,1.0,True,True,True,0,True,A0A0P7TRV8.1/47-160,108,A0A0P7TRV8,Metazoa,True
54,109,76,False,1.0,True,False,False,0,True,A0A6A5F0V0.1/65-176,109,A0A6A5F0V0,Metazoa,True
55,109,93,False,1.0,False,True,False,2,True,A0A6A5F0V0.1/65-176,109,A0A6A5F0V0,Metazoa,True
56,109,106,False,1.0,True,True,True,2,True,A0A6A5F0V0.1/65-176,109,A0A6A5F0V0,Metazoa,True
57,113,46,False,1.0,False,False,False,0,True,S9XXR9.1/90-174,113,S9XXR9,Metazoa,False
58,116,91,False,1.0,False,False,False,2,True,M7BJX6.1/29-127,116,M7BJX6,Metazoa,False
59,119,15,False,1.0,False,False,False,2,True,S9WD87.1/188-276,119,S9WD87,Metazoa,False
60,122,34,False,1.0,False,False,False,2,True,A0A7J6BQI2.1/30-135,122,A0A7J6BQI2,Metazoa,False
61,123,51,False,1.0,True,True,True,0,True,A0A1A6FTS7.1/12-73,123,A0A1A6FTS7,Metazoa,True
62,127,80,False,1.0,True,False,False,0,True,A0A6A5FAY5.1/63-170,127,A0A6A5FAY5,Metazoa,True
63,127,96,False,1.0,False,False,False,2,True,A0A6A5FAY5.1/63-170,127,A0A6A5FAY5,Metazoa,False
64,129,62,False,1.0,True,True,True,0,True,A0A7J6D4J9.1/82-194,129,A0A7J6D4J9,Metazoa,True
65,129,75,True,1.0,True,True,True,0,True,A0A7J6D4J9.1/82-194,129,A0A7J6D4J9,Metazoa,True
66,130,43,False,1.0,False,False,False,2,True,L5MD90.1/55-119,130,L5MD90,Metazoa,False
67,131,5,False,1.0,True,False,False,0,True,A0A6A5EWF6.1/858-980,131,A0A6A5EWF6,Metazoa,True
68,131,13,False,1.0,False,True,False,1,True,A0A6A5EWF6.1/858-980,131,A0A6A5EWF6,Metazoa,True
69,131,28,False,1.0,True,False,False,1,True,A0A6A5EWF6.1/858-980,131,A0A6A5EWF6,Metazoa,True
70,131,68,False,1.0,False,False,False,2,True,A0A6A5EWF6.1/858-980,131,A0A6A5EWF6,Metazoa,False
71,131,88,True,1.0,False,False,False,0,True,A0A6A5EWF6.1/858-980,131,A0A6A5EWF6,Metazoa,False
72,131,100,False,1.0,False,False,False,1,True,A0A6A5EWF6.1/858-980,131,A0A6A5EWF6,Metazoa,False
73,133,50,False,1.0,False,False,False,2,True,A0A5N3V6X6.1/61-119,133,A0A5N3V6X6,Metazoa,False
74,135,64,False,1.0,True,False,False,0,True,A0A484D731.1/77-196,135,A0A484D731,Metazoa,True
75,135,99,False,1.0,False,False,False,1,True,A0A484D731.1/77-196,135,A0A484D731,Metazoa,False
76,138,54,False,1.0,False,False,False,1,True,M7BUM5.1/39-109,138,M7BUM5,Metazoa,False
77,143,25,False,1.0,False,False,False,1,True,A0A498NWD2.1/181-242,143,A0A498NWD2,Metazoa,False
78,144,47,False,1.0,True,True,True,2,True,V8NBC1.1/72-138,144,V8NBC1,Metazoa,True
79,144,63,False,1.0,True,False,False,2,True,V8NBC1.1/72-138,144,V8NBC1,Metazoa,True
80,145,61,False,1.0,False,False,False,1,True,A0A7J7FD52.1/138-241,145,A0A7J7FD52,Metazoa,False
81,147,51,False,1.0,True,True,True,0,True,A0A2G9RDT1.1/25-121,147,A0A2G9RDT1,Metazoa,True
82,148,43,False,1.0,True,True,True,0,True,A0A485NJI1.1/1-77,148,A0A485NJI1,Metazoa,True
83,150,10,False,1.0,False,False,False,2,True,L5LHJ6.1/60-118,150,L5LHJ6,Metazoa,False
84,150,60,False,1.0,False,False,False,0,True,L5LHJ6.1/60-118,150,L5LHJ6,Metazoa,False
85,152,35,False,1.0,False,False,False,1,True,G5BFW7.1/22-63,152,G5BFW7,Metazoa,False
86,154,29,True,1.0,True,False,False,0,True,A0A6B0SGN7.1/76-184,154,A0A6B0SGN7,Metazoa,True
87,154,45,False,1.0,False,False,False,1,True,A0A6B0SGN7.1/76-184,154,A0A6B0SGN7,Metazoa,False
88,158,88,False,1.0,True,True,True,0,True,A0A643C5H2.1/21-76,158,A0A643C5H2,Metazoa,True
89,160,40,False,1.0,False,False,False,2,True,V8N4J4.1/49-102,160,V8N4J4,Metazoa,False
90,162,85,False,1.0,False,False,False,1,True,L5K5W8.1/127-213,162,L5K5W8,Metazoa,False
91,163,53,False,1.0,True,True,True,0,True,A0A1A6FW26.1/63-117,163,A0A1A6FW26,Metazoa,True
92,164,52,False,1.0,False,False,False,1,True,A0A7J6CC35.1/4-47,164,A0A7J6CC35,Metazoa,False
93,165,35,False,1.0,True,False,False,2,True,A0A5C6N8P5.1/120-233,165,A0A5C6N8P5,Metazoa,True
