,index,exon_bs_aa,exon_bs_ins,exon_rew,last_ex_sym,next_ex_sym,both_ex_sym,intron_ph,phases_ok,uniprot_name,protein_index,uniprot_id,kingdom,any_exon_sym
0,2,6,False,1.0,False,True,False,0,True,A0A1Y1HU06.1/178-470,2,A0A1Y1HU06,Viridiplantae,True
1,2,76,False,1.0,True,True,True,0,True,A0A1Y1HU06.1/178-470,2,A0A1Y1HU06,Viridiplantae,True
2,2,111,True,1.0,True,False,False,0,True,A0A1Y1HU06.1/178-470,2,A0A1Y1HU06,Viridiplantae,True
3,2,176,False,1.0,False,True,False,2,True,A0A1Y1HU06.1/178-470,2,A0A1Y1HU06,Viridiplantae,True
4,5,194,False,0.3333333333333333,False,False,False,2,True,U6GQT8.1/50-263,5,U6GQT8,unknown,False
5,7,91,False,1.0,True,True,True,0,True,Q55G30.1/63-271,7,Q55G30,unknown,True
6,8,105,False,1.0,True,True,True,0,True,F0ZVB4.1/78-288,8,F0ZVB4,unknown,True
7,9,91,False,1.0,True,True,True,0,True,F4Q688.1/89-287,9,F4Q688,unknown,True
8,11,91,False,1.0,True,True,True,0,True,D3B0F1.1/77-278,11,D3B0F1,unknown,True
9,12,52,False,1.0,False,False,False,2,True,A0A139A0J8.1/43-313,12,A0A139A0J8,Fungi,False
10,12,113,True,1.0,False,False,False,1,True,A0A139A0J8.1/43-313,12,A0A139A0J8,Fungi,False
11,12,119,False,1.0,False,True,False,0,True,A0A139A0J8.1/43-313,12,A0A139A0J8,Fungi,True
12,12,192,False,1.0,True,True,True,0,True,A0A139A0J8.1/43-313,12,A0A139A0J8,Fungi,True
13,14,54,False,1.0,False,False,False,1,True,A0A1Y1HQB6.1/60-351,14,A0A1Y1HQB6,Viridiplantae,False
14,14,81,False,1.0,False,False,False,2,True,A0A1Y1HQB6.1/60-351,14,A0A1Y1HQB6,Viridiplantae,False
15,14,113,True,1.0,False,True,False,0,True,A0A1Y1HQB6.1/60-351,14,A0A1Y1HQB6,Viridiplantae,True
16,14,113,True,1.0,True,False,False,0,True,A0A1Y1HQB6.1/60-351,14,A0A1Y1HQB6,Viridiplantae,True
17,14,158,False,1.0,False,False,False,1,True,A0A1Y1HQB6.1/60-351,14,A0A1Y1HQB6,Viridiplantae,False
18,14,160,True,1.0,False,True,False,2,True,A0A1Y1HQB6.1/60-351,14,A0A1Y1HQB6,Viridiplantae,True
19,17,113,True,1.0,False,False,False,1,True,A0A6A5C0P0.1/159-327,17,A0A6A5C0P0,unknown,False
20,17,163,False,1.0,False,False,False,0,True,A0A6A5C0P0.1/159-327,17,A0A6A5C0P0,unknown,False
21,20,172,False,1.0,False,False,False,1,True,A0A0P1ACA3.1/2-56,20,A0A0P1ACA3,unknown,False
22,22,112,True,1.0,False,False,False,2,True,A0A7J6ZFT7.1/21-144,22,A0A7J6ZFT7,Metazoa,False
23,23,26,False,1.0,True,False,False,0,True,A0A388M5K0.1/4-116,23,A0A388M5K0,Viridiplantae,True
24,23,88,False,1.0,False,False,False,1,True,A0A388M5K0.1/4-116,23,A0A388M5K0,Viridiplantae,False
25,23,111,False,1.0,False,True,False,2,True,A0A388M5K0.1/4-116,23,A0A388M5K0,Viridiplantae,True
