,index,exon_bs_aa,exon_bs_ins,exon_rew,last_ex_sym,next_ex_sym,both_ex_sym,intron_ph,phases_ok,uniprot_name,protein_index,uniprot_id,kingdom,any_exon_sym
0,2,258,False,1.0,False,False,False,2,True,A0A178U7M8.1/2543-2850,2,A0A178U7M8,Viridiplantae,False
1,3,105,False,1.0,False,True,False,2,True,A0A178U7M8.1/3757-4053,3,A0A178U7M8,Viridiplantae,True
2,4,241,False,1.0,False,False,False,2,True,A0A1Y1WTT3.1/71-322,4,A0A1Y1WTT3,Fungi,False
3,7,22,False,1.0,False,False,False,1,True,A0A507FGN3.1/73-350,7,A0A507FGN3,Fungi,False
4,7,98,False,1.0,False,False,False,2,True,A0A507FGN3.1/73-350,7,A0A507FGN3,Fungi,False
5,7,134,False,1.0,False,True,False,0,True,A0A507FGN3.1/73-350,7,A0A507FGN3,Fungi,True
6,8,30,False,1.0,False,False,False,2,True,A0A7R9AJ53.1/67-273,8,A0A7R9AJ53,Metazoa,False
7,9,99,False,0.5,True,False,False,0,True,A0A0G4J5C1.1/33-327,9,A0A0G4J5C1,unknown,True
8,9,121,False,0.5,False,False,False,1,True,A0A0G4J5C1.1/33-327,9,A0A0G4J5C1,unknown,False
9,10,37,False,0.5,True,True,True,0,True,A0A3P3Y9W9.1/33-327,10,A0A3P3Y9W9,unknown,True
10,10,166,False,0.5,True,False,False,0,True,A0A3P3Y9W9.1/33-327,10,A0A3P3Y9W9,unknown,True
11,11,86,False,1.0,False,True,False,1,True,A0A3P3YJZ7.1/91-329,11,A0A3P3YJZ7,unknown,True
12,11,225,False,1.0,True,True,True,1,True,A0A3P3YJZ7.1/91-329,11,A0A3P3YJZ7,unknown,True
13,12,37,False,1.0,True,True,True,0,True,A0A3P3Y9Z4.1/36-328,12,A0A3P3Y9Z4,unknown,True
14,12,166,False,1.0,True,False,False,0,True,A0A3P3Y9Z4.1/36-328,12,A0A3P3Y9Z4,unknown,True
15,13,84,False,1.0,True,False,False,0,True,A0A1Y2CT07.1/3-293,13,A0A1Y2CT07,Fungi,True
16,13,134,False,1.0,False,False,False,1,True,A0A1Y2CT07.1/3-293,13,A0A1Y2CT07,Fungi,False
17,13,184,False,1.0,False,True,False,0,True,A0A1Y2CT07.1/3-293,13,A0A1Y2CT07,Fungi,True
18,15,46,False,1.0,True,False,False,0,True,A0A0G4J4C3.1/36-352,15,A0A0G4J4C3,unknown,True
19,15,59,False,1.0,False,False,False,1,True,A0A0G4J4C3.1/36-352,15,A0A0G4J4C3,unknown,False
20,15,160,True,1.0,False,False,False,2,True,A0A0G4J4C3.1/36-352,15,A0A0G4J4C3,unknown,False
21,16,69,True,0.5,True,False,False,0,True,A0A3P3Y530.1/75-323,16,A0A3P3Y530,unknown,True
22,16,134,False,0.5,False,True,False,2,True,A0A3P3Y530.1/75-323,16,A0A3P3Y530,unknown,True
23,16,191,False,0.5,True,False,False,2,True,A0A3P3Y530.1/75-323,16,A0A3P3Y530,unknown,True
24,17,146,False,1.0,True,True,True,0,True,A0A6L5DCG1.1/35-218,17,A0A6L5DCG1,Metazoa,True
25,18,79,True,1.0,False,True,False,1,True,A0A0G4J0T2.1/111-399,18,A0A0G4J0T2,unknown,True
26,18,121,False,1.0,True,True,True,1,True,A0A0G4J0T2.1/111-399,18,A0A0G4J0T2,unknown,True
27,18,128,True,1.0,True,True,True,1,True,A0A0G4J0T2.1/111-399,18,A0A0G4J0T2,unknown,True
28,18,196,False,1.0,True,True,True,1,True,A0A0G4J0T2.1/111-399,18,A0A0G4J0T2,unknown,True
29,19,21,False,1.0,True,False,False,1,True,A0A3P3YGY6.1/266-554,19,A0A3P3YGY6,unknown,True
30,19,40,False,1.0,False,False,False,0,True,A0A3P3YGY6.1/266-554,19,A0A3P3YGY6,unknown,False
31,19,79,True,1.0,False,True,False,2,True,A0A3P3YGY6.1/266-554,19,A0A3P3YGY6,unknown,True
32,19,92,False,1.0,True,False,False,2,True,A0A3P3YGY6.1/266-554,19,A0A3P3YGY6,unknown,True
33,19,165,False,1.0,False,True,False,1,True,A0A3P3YGY6.1/266-554,19,A0A3P3YGY6,unknown,True
34,19,225,False,1.0,True,True,True,1,True,A0A3P3YGY6.1/266-554,19,A0A3P3YGY6,unknown,True
35,21,84,False,1.0,False,False,False,2,True,A0A1Y1WYX3.1/75-325,21,A0A1Y1WYX3,Fungi,False
36,21,155,False,1.0,False,False,False,1,True,A0A1Y1WYX3.1/75-325,21,A0A1Y1WYX3,Fungi,False
37,21,190,False,1.0,False,True,False,0,True,A0A1Y1WYX3.1/75-325,21,A0A1Y1WYX3,Fungi,True
38,22,84,False,1.0,False,False,False,2,True,A0A1Y1WYX3.1/818-1057,22,A0A1Y1WYX3,Fungi,False
39,22,154,False,1.0,False,False,False,1,True,A0A1Y1WYX3.1/818-1057,22,A0A1Y1WYX3,Fungi,False
40,22,184,False,1.0,False,True,False,0,True,A0A1Y1WYX3.1/818-1057,22,A0A1Y1WYX3,Fungi,True
41,23,35,False,1.0,False,True,False,2,True,A0A0G4J4N1.1/165-431,23,A0A0G4J4N1,unknown,True
42,23,92,False,1.0,True,False,False,2,True,A0A0G4J4N1.1/165-431,23,A0A0G4J4N1,unknown,True
43,24,17,False,1.0,False,False,False,2,True,A0A0L0SZ37.1/57-344,24,A0A0L0SZ37,Fungi,False
44,24,20,False,1.0,False,True,False,1,True,A0A0L0SZ37.1/57-344,24,A0A0L0SZ37,Fungi,True
45,24,80,False,1.0,True,True,True,1,True,A0A0L0SZ37.1/57-344,24,A0A0L0SZ37,Fungi,True
46,24,110,False,1.0,True,False,False,1,True,A0A0L0SZ37.1/57-344,24,A0A0L0SZ37,Fungi,True
47,24,136,False,1.0,False,True,False,2,True,A0A0L0SZ37.1/57-344,24,A0A0L0SZ37,Fungi,True
48,25,122,False,0.5,False,False,False,1,True,A0A3P3Y5T4.1/71-328,25,A0A3P3Y5T4,unknown,False
49,25,145,False,0.5,False,True,False,0,True,A0A3P3Y5T4.1/71-328,25,A0A3P3Y5T4,unknown,True
50,25,193,False,0.5,True,False,False,0,True,A0A3P3Y5T4.1/71-328,25,A0A3P3Y5T4,unknown,True
51,25,235,False,0.5,False,False,False,1,True,A0A3P3Y5T4.1/71-328,25,A0A3P3Y5T4,unknown,False
52,26,84,False,1.0,True,True,True,1,True,A0A1Y2CRT8.1/98-392,26,A0A1Y2CRT8,Fungi,True
53,26,132,False,1.0,True,False,False,1,True,A0A1Y2CRT8.1/98-392,26,A0A1Y2CRT8,Fungi,True
54,26,184,False,1.0,False,False,False,0,True,A0A1Y2CRT8.1/98-392,26,A0A1Y2CRT8,Fungi,False
55,27,17,False,1.0,False,False,False,2,True,A0A0L0T695.1/51-343,27,A0A0L0T695,Fungi,False
56,27,20,False,1.0,False,True,False,1,True,A0A0L0T695.1/51-343,27,A0A0L0T695,Fungi,True
57,27,80,False,1.0,True,True,True,1,True,A0A0L0T695.1/51-343,27,A0A0L0T695,Fungi,True
58,27,110,False,1.0,True,False,False,1,True,A0A0L0T695.1/51-343,27,A0A0L0T695,Fungi,True
59,27,137,False,1.0,False,False,False,2,True,A0A0L0T695.1/51-343,27,A0A0L0T695,Fungi,False
60,28,71,False,0.5,False,False,False,0,True,A0A699YC20.1/55-141,28,A0A699YC20,Viridiplantae,False
61,28,89,False,0.5,False,True,False,1,True,A0A699YC20.1/55-141,28,A0A699YC20,Viridiplantae,True
62,29,69,True,1.0,False,False,False,0,True,A0A2K3D291.1/208-373,29,A0A2K3D291,Viridiplantae,False
63,29,100,False,1.0,False,False,False,1,True,A0A2K3D291.1/208-373,29,A0A2K3D291,Viridiplantae,False
64,29,118,False,1.0,False,False,False,2,True,A0A2K3D291.1/208-373,29,A0A2K3D291,Viridiplantae,False
65,30,71,False,0.5,False,False,False,0,True,A0A699Z8Y8.1/140-225,30,A0A699Z8Y8,Viridiplantae,False
66,30,89,False,0.5,False,True,False,1,True,A0A699Z8Y8.1/140-225,30,A0A699Z8Y8,Viridiplantae,True
67,31,71,False,1.0,False,False,False,0,True,A0A699YAR9.1/91-176,31,A0A699YAR9,Viridiplantae,False
68,31,89,False,1.0,False,True,False,1,True,A0A699YAR9.1/91-176,31,A0A699YAR9,Viridiplantae,True
69,32,122,False,0.5,False,False,False,1,True,A0A0G4J6M1.1/71-267,32,A0A0G4J6M1,unknown,False
70,32,145,False,0.5,False,True,False,0,True,A0A0G4J6M1.1/71-267,32,A0A0G4J6M1,unknown,True
71,32,193,False,0.5,True,True,True,0,True,A0A0G4J6M1.1/71-267,32,A0A0G4J6M1,unknown,True
72,33,11,False,1.0,False,True,False,0,True,A0A2K3E6Y2.1/95-354,33,A0A2K3E6Y2,Viridiplantae,True
73,33,21,False,1.0,True,False,False,0,True,A0A2K3E6Y2.1/95-354,33,A0A2K3E6Y2,Viridiplantae,True
74,33,46,False,1.0,False,False,False,1,True,A0A2K3E6Y2.1/95-354,33,A0A2K3E6Y2,Viridiplantae,False
75,33,64,False,1.0,False,False,False,2,True,A0A2K3E6Y2.1/95-354,33,A0A2K3E6Y2,Viridiplantae,False
76,33,80,False,1.0,False,False,False,0,True,A0A2K3E6Y2.1/95-354,33,A0A2K3E6Y2,Viridiplantae,False
77,33,95,False,1.0,False,False,False,2,True,A0A2K3E6Y2.1/95-354,33,A0A2K3E6Y2,Viridiplantae,False
78,33,140,False,1.0,False,False,False,1,True,A0A2K3E6Y2.1/95-354,33,A0A2K3E6Y2,Viridiplantae,False
79,33,160,True,1.0,False,True,False,0,True,A0A2K3E6Y2.1/95-354,33,A0A2K3E6Y2,Viridiplantae,True
80,33,171,False,1.0,True,False,False,0,True,A0A2K3E6Y2.1/95-354,33,A0A2K3E6Y2,Viridiplantae,True
81,33,199,False,1.0,False,False,False,2,True,A0A2K3E6Y2.1/95-354,33,A0A2K3E6Y2,Viridiplantae,False
82,33,215,False,1.0,False,True,False,1,True,A0A2K3E6Y2.1/95-354,33,A0A2K3E6Y2,Viridiplantae,True
83,34,84,False,1.0,False,False,False,2,True,A0A1Y1XET5.1/105-330,34,A0A1Y1XET5,Fungi,False
84,34,151,False,1.0,False,False,False,1,True,A0A1Y1XET5.1/105-330,34,A0A1Y1XET5,Fungi,False
85,34,200,True,1.0,False,False,False,0,True,A0A1Y1XET5.1/105-330,34,A0A1Y1XET5,Fungi,False
86,36,129,False,1.0,True,True,True,0,True,A9U758.1/3-217,36,A9U758,Viridiplantae,True
87,38,101,False,1.0,True,False,False,2,True,A0A150G5V2.1/63-195,38,A0A150G5V2,Viridiplantae,True
88,40,56,False,1.0,False,True,False,1,True,A0A1Y3N2K3.1/57-304,40,A0A1Y3N2K3,Fungi,True
89,40,147,False,1.0,True,False,False,1,True,A0A1Y3N2K3.1/57-304,40,A0A1Y3N2K3,Fungi,True
90,41,191,False,1.0,False,False,False,2,True,A0A1Y1VWH4.1/71-315,41,A0A1Y1VWH4,Fungi,False
91,41,243,False,1.0,False,False,False,0,True,A0A1Y1VWH4.1/71-315,41,A0A1Y1VWH4,Fungi,False
92,42,84,False,1.0,False,False,False,2,True,A0A1Y2FTF0.1/195-462,42,A0A1Y2FTF0,Fungi,False
93,42,132,False,1.0,False,False,False,1,True,A0A1Y2FTF0.1/195-462,42,A0A1Y2FTF0,Fungi,False
94,42,184,False,1.0,False,True,False,0,True,A0A1Y2FTF0.1/195-462,42,A0A1Y2FTF0,Fungi,True
95,43,84,False,1.0,True,False,False,0,True,A0A1Y1YER6.1/7-99,43,A0A1Y1YER6,Fungi,True
96,43,147,False,1.0,False,False,False,1,True,A0A1Y1YER6.1/7-99,43,A0A1Y1YER6,Fungi,False
97,44,84,False,1.0,False,False,False,2,True,A0A1Y1X2N7.1/150-428,44,A0A1Y1X2N7,Fungi,False
98,44,132,False,1.0,False,False,False,1,True,A0A1Y1X2N7.1/150-428,44,A0A1Y1X2N7,Fungi,False
99,44,194,False,1.0,False,True,False,0,True,A0A1Y1X2N7.1/150-428,44,A0A1Y1X2N7,Fungi,True
100,45,47,False,1.0,False,False,False,1,True,A0A1Y1YNU8.1/25-303,45,A0A1Y1YNU8,Fungi,False
101,45,53,False,1.0,False,False,False,2,True,A0A1Y1YNU8.1/25-303,45,A0A1Y1YNU8,Fungi,False
102,45,160,True,1.0,False,False,False,1,True,A0A1Y1YNU8.1/25-303,45,A0A1Y1YNU8,Fungi,False
103,45,166,False,1.0,False,True,False,2,True,A0A1Y1YNU8.1/25-303,45,A0A1Y1YNU8,Fungi,True
104,45,196,False,1.0,True,False,False,2,True,A0A1Y1YNU8.1/25-303,45,A0A1Y1YNU8,Fungi,True
105,45,200,False,1.0,False,False,False,0,True,A0A1Y1YNU8.1/25-303,45,A0A1Y1YNU8,Fungi,False
106,45,200,True,1.0,False,False,False,1,True,A0A1Y1YNU8.1/25-303,45,A0A1Y1YNU8,Fungi,False
107,45,207,False,1.0,False,True,False,0,True,A0A1Y1YNU8.1/25-303,45,A0A1Y1YNU8,Fungi,True
108,45,267,False,1.0,True,False,False,0,True,A0A1Y1YNU8.1/25-303,45,A0A1Y1YNU8,Fungi,True
109,47,84,False,1.0,True,False,False,0,True,A0A1Y1X1Q8.1/143-423,47,A0A1Y1X1Q8,Fungi,True
110,47,139,False,1.0,False,False,False,1,True,A0A1Y1X1Q8.1/143-423,47,A0A1Y1X1Q8,Fungi,False
111,47,182,False,1.0,False,True,False,0,True,A0A1Y1X1Q8.1/143-423,47,A0A1Y1X1Q8,Fungi,True
112,51,33,False,1.0,True,True,True,0,True,A0A6A0AHA7.1/57-211,51,A0A6A0AHA7,Viridiplantae,True
113,51,68,False,1.0,True,True,True,0,True,A0A6A0AHA7.1/57-211,51,A0A6A0AHA7,Viridiplantae,True
114,51,80,False,1.0,True,True,True,0,True,A0A6A0AHA7.1/57-211,51,A0A6A0AHA7,Viridiplantae,True
115,52,84,False,1.0,False,False,False,2,True,A0A1Y1ZS83.1/48-334,52,A0A1Y1ZS83,Fungi,False
116,52,132,False,1.0,False,False,False,1,True,A0A1Y1ZS83.1/48-334,52,A0A1Y1ZS83,Fungi,False
117,52,200,True,1.0,False,False,False,0,True,A0A1Y1ZS83.1/48-334,52,A0A1Y1ZS83,Fungi,False
121,55,45,False,1.0,False,True,False,1,True,A0A1Y1VNZ5.1/95-373,55,A0A1Y1VNZ5,Fungi,True
122,55,76,False,1.0,True,False,False,1,True,A0A1Y1VNZ5.1/95-373,55,A0A1Y1VNZ5,Fungi,True
123,55,107,False,1.0,False,True,False,2,True,A0A1Y1VNZ5.1/95-373,55,A0A1Y1VNZ5,Fungi,True
124,55,107,True,1.0,True,False,False,2,True,A0A1Y1VNZ5.1/95-373,55,A0A1Y1VNZ5,Fungi,True
125,55,108,False,1.0,False,True,False,1,True,A0A1Y1VNZ5.1/95-373,55,A0A1Y1VNZ5,Fungi,True
126,55,137,False,1.0,True,False,False,1,True,A0A1Y1VNZ5.1/95-373,55,A0A1Y1VNZ5,Fungi,True
127,55,179,True,1.0,False,False,False,2,True,A0A1Y1VNZ5.1/95-373,55,A0A1Y1VNZ5,Fungi,False
128,55,222,False,1.0,False,True,False,0,True,A0A1Y1VNZ5.1/95-373,55,A0A1Y1VNZ5,Fungi,True
129,55,238,False,1.0,True,False,False,0,True,A0A1Y1VNZ5.1/95-373,55,A0A1Y1VNZ5,Fungi,True
130,55,242,True,1.0,False,False,False,1,True,A0A1Y1VNZ5.1/95-373,55,A0A1Y1VNZ5,Fungi,False
131,55,247,False,1.0,False,False,False,0,True,A0A1Y1VNZ5.1/95-373,55,A0A1Y1VNZ5,Fungi,False
132,56,56,False,1.0,False,True,False,2,True,D8UF72.1/134-295,56,D8UF72,Viridiplantae,True
133,56,74,False,1.0,True,False,False,2,True,D8UF72.1/134-295,56,D8UF72,Viridiplantae,True
134,56,148,False,1.0,False,False,False,0,True,D8UF72.1/134-295,56,D8UF72,Viridiplantae,False
135,57,84,False,1.0,False,False,False,2,True,A0A1Y1XE16.1/76-340,57,A0A1Y1XE16,Fungi,False
136,57,132,False,1.0,False,False,False,1,True,A0A1Y1XE16.1/76-340,57,A0A1Y1XE16,Fungi,False
137,57,184,False,1.0,False,False,False,0,True,A0A1Y1XE16.1/76-340,57,A0A1Y1XE16,Fungi,False
138,58,84,False,1.0,True,False,False,0,True,A0A1Y1VPS8.1/10-130,58,A0A1Y1VPS8,Fungi,True
139,59,119,False,1.0,True,False,False,2,True,A0A433PD54.1/160-276,59,A0A433PD54,Fungi,True
140,60,89,False,1.0,False,False,False,1,True,A0A699ZUB5.1/39-304,60,A0A699ZUB5,Viridiplantae,False
141,60,114,False,1.0,False,False,False,0,True,A0A699ZUB5.1/39-304,60,A0A699ZUB5,Viridiplantae,False
142,60,133,False,1.0,False,False,False,2,True,A0A699ZUB5.1/39-304,60,A0A699ZUB5,Viridiplantae,False
143,60,213,True,1.0,False,True,False,0,True,A0A699ZUB5.1/39-304,60,A0A699ZUB5,Viridiplantae,True
144,60,214,True,1.0,True,True,True,0,True,A0A699ZUB5.1/39-304,60,A0A699ZUB5,Viridiplantae,True
145,60,228,False,1.0,True,False,False,0,True,A0A699ZUB5.1/39-304,60,A0A699ZUB5,Viridiplantae,True
146,60,270,False,1.0,False,True,False,2,True,A0A699ZUB5.1/39-304,60,A0A699ZUB5,Viridiplantae,True
147,61,84,False,1.0,True,False,False,0,True,A0A1Y2AN79.1/48-159,61,A0A1Y2AN79,Fungi,True
148,62,57,False,1.0,True,False,False,0,True,A0A1Y2CYN5.1/9-149,62,A0A1Y2CYN5,Fungi,True
149,62,95,False,1.0,False,False,False,2,True,A0A1Y2CYN5.1/9-149,62,A0A1Y2CYN5,Fungi,False
150,62,160,True,1.0,False,False,False,1,True,A0A1Y2CYN5.1/9-149,62,A0A1Y2CYN5,Fungi,False
151,63,84,False,1.0,False,False,False,2,True,A0A1Y1WUG6.1/38-328,63,A0A1Y1WUG6,Fungi,False
152,63,141,False,1.0,False,False,False,1,True,A0A1Y1WUG6.1/38-328,63,A0A1Y1WUG6,Fungi,False
153,63,184,False,1.0,False,False,False,0,True,A0A1Y1WUG6.1/38-328,63,A0A1Y1WUG6,Fungi,False
154,64,84,False,1.0,False,False,False,2,True,A0A1Y1VKX1.1/100-323,64,A0A1Y1VKX1,Fungi,False
155,64,134,False,1.0,False,False,False,1,True,A0A1Y1VKX1.1/100-323,64,A0A1Y1VKX1,Fungi,False
156,64,202,False,1.0,False,False,False,0,True,A0A1Y1VKX1.1/100-323,64,A0A1Y1VKX1,Fungi,False
157,65,57,False,1.0,True,True,True,0,True,A0A0R3RDQ2.1/49-168,65,A0A0R3RDQ2,Metazoa,True
158,66,55,False,1.0,False,False,False,1,True,A0A1Y1UWB7.1/111-369,66,A0A1Y1UWB7,Fungi,False
159,66,64,False,1.0,False,True,False,2,True,A0A1Y1UWB7.1/111-369,66,A0A1Y1UWB7,Fungi,True
160,66,90,False,1.0,True,False,False,2,True,A0A1Y1UWB7.1/111-369,66,A0A1Y1UWB7,Fungi,True
161,66,95,False,1.0,False,False,False,0,True,A0A1Y1UWB7.1/111-369,66,A0A1Y1UWB7,Fungi,False
162,66,101,True,1.0,False,False,False,1,True,A0A1Y1UWB7.1/111-369,66,A0A1Y1UWB7,Fungi,False
163,66,164,False,1.0,False,False,False,0,True,A0A1Y1UWB7.1/111-369,66,A0A1Y1UWB7,Fungi,False
164,66,208,False,1.0,False,False,False,2,True,A0A1Y1UWB7.1/111-369,66,A0A1Y1UWB7,Fungi,False
165,66,231,False,1.0,False,False,False,1,True,A0A1Y1UWB7.1/111-369,66,A0A1Y1UWB7,Fungi,False
166,66,263,False,1.0,False,False,False,2,True,A0A1Y1UWB7.1/111-369,66,A0A1Y1UWB7,Fungi,False
167,67,84,False,1.0,False,False,False,2,True,A0A1Y2AQD5.1/79-190,67,A0A1Y2AQD5,Fungi,False
168,68,46,False,1.0,False,True,False,1,True,D8U6I8.1/133-331,68,D8U6I8,Viridiplantae,True
169,68,95,False,1.0,True,True,True,1,True,D8U6I8.1/133-331,68,D8U6I8,Viridiplantae,True
170,68,158,False,1.0,True,False,False,1,True,D8U6I8.1/133-331,68,D8U6I8,Viridiplantae,True
171,68,183,False,1.0,False,True,False,2,True,D8U6I8.1/133-331,68,D8U6I8,Viridiplantae,True
172,68,210,False,1.0,True,True,True,2,True,D8U6I8.1/133-331,68,D8U6I8,Viridiplantae,True
173,69,97,False,1.0,False,False,False,1,True,E9DR98.1/65-297,69,E9DR98,Fungi,False
174,70,52,True,1.0,True,True,True,0,True,A0A2J8A3Q5.1/63-160,70,A0A2J8A3Q5,Viridiplantae,True
175,70,92,False,1.0,True,False,False,0,True,A0A2J8A3Q5.1/63-160,70,A0A2J8A3Q5,Viridiplantae,True
176,70,122,False,1.0,False,False,False,1,True,A0A2J8A3Q5.1/63-160,70,A0A2J8A3Q5,Viridiplantae,False
177,71,179,True,1.0,False,True,False,0,True,A0A507D3I5.1/155-411,71,A0A507D3I5,Fungi,True
178,71,242,True,1.0,True,True,True,0,True,A0A507D3I5.1/155-411,71,A0A507D3I5,Fungi,True
179,72,84,False,1.0,True,False,False,0,True,A0A1Y2EUE3.1/25-248,72,A0A1Y2EUE3,Fungi,True
180,72,132,False,1.0,False,False,False,1,True,A0A1Y2EUE3.1/25-248,72,A0A1Y2EUE3,Fungi,False
181,72,184,False,1.0,False,False,False,0,True,A0A1Y2EUE3.1/25-248,72,A0A1Y2EUE3,Fungi,False
182,73,229,False,1.0,False,False,False,2,True,A0A1Y3NAW9.1/80-313,73,A0A1Y3NAW9,Fungi,False
183,74,114,False,1.0,False,False,False,2,True,A0A1Y3N720.1/37-179,74,A0A1Y3N720,Fungi,False
184,74,269,False,1.0,False,False,False,0,True,A0A1Y3N720.1/37-179,74,A0A1Y3N720,Fungi,False
185,75,86,False,1.0,True,True,True,0,True,A0A699YZ31.1/3-81,75,A0A699YZ31,Viridiplantae,True
186,75,121,False,1.0,True,True,True,0,True,A0A699YZ31.1/3-81,75,A0A699YZ31,Viridiplantae,True
187,76,84,False,1.0,False,False,False,2,True,A0A1Y2DGA3.1/87-332,76,A0A1Y2DGA3,Fungi,False
188,77,131,False,1.0,False,False,False,2,True,A0A1Y1XDD5.1/91-200,77,A0A1Y1XDD5,Fungi,False
189,78,105,False,1.0,False,False,False,2,True,A0A1Y3N2P0.1/50-175,78,A0A1Y3N2P0,Fungi,False
190,80,84,False,1.0,False,True,False,1,True,A0A1Y1XBS0.1/46-239,80,A0A1Y1XBS0,Fungi,True
191,80,155,False,1.0,True,False,False,1,True,A0A1Y1XBS0.1/46-239,80,A0A1Y1XBS0,Fungi,True
192,81,96,False,1.0,True,False,False,1,True,A0A2J8AF50.1/1001-1093,81,A0A2J8AF50,Viridiplantae,True
193,83,52,False,1.0,True,False,False,1,True,A0A2J8AH20.1/77-225,83,A0A2J8AH20,Viridiplantae,True
194,83,80,False,1.0,False,False,False,2,True,A0A2J8AH20.1/77-225,83,A0A2J8AH20,Viridiplantae,False
195,83,109,False,1.0,False,False,False,0,True,A0A2J8AH20.1/77-225,83,A0A2J8AH20,Viridiplantae,False
196,84,77,False,1.0,False,False,False,2,True,A0A1Y1XFE4.1/43-342,84,A0A1Y1XFE4,Fungi,False
197,84,84,False,1.0,False,False,False,0,True,A0A1Y1XFE4.1/43-342,84,A0A1Y1XFE4,Fungi,False
198,84,155,False,1.0,False,False,False,1,True,A0A1Y1XFE4.1/43-342,84,A0A1Y1XFE4,Fungi,False
199,84,184,False,1.0,False,False,False,0,True,A0A1Y1XFE4.1/43-342,84,A0A1Y1XFE4,Fungi,False
200,85,106,False,1.0,True,False,False,0,True,A0A150FZZ2.1/3-224,85,A0A150FZZ2,Viridiplantae,True
201,85,135,False,1.0,False,False,False,1,True,A0A150FZZ2.1/3-224,85,A0A150FZZ2,Viridiplantae,False
202,85,213,True,1.0,False,True,False,2,True,A0A150FZZ2.1/3-224,85,A0A150FZZ2,Viridiplantae,True
203,86,64,False,1.0,False,False,False,2,True,A0A2K3CVA6.1/133-259,86,A0A2K3CVA6,Viridiplantae,False
204,86,95,False,1.0,False,False,False,0,True,A0A2K3CVA6.1/133-259,86,A0A2K3CVA6,Viridiplantae,False
205,86,131,False,1.0,False,True,False,2,True,A0A2K3CVA6.1/133-259,86,A0A2K3CVA6,Viridiplantae,True
206,87,84,False,1.0,False,False,False,2,True,A0A1Y1WGB2.1/76-181,87,A0A1Y1WGB2,Fungi,False
207,89,84,False,1.0,False,False,False,2,True,A0A1Y3NR14.1/67-176,89,A0A1Y3NR14,Fungi,False
208,90,109,False,1.0,False,False,False,1,True,A0A1G4AQ57.1/52-289,90,A0A1G4AQ57,Fungi,False
209,91,34,False,1.0,True,False,False,0,True,A0A699YS43.1/17-138,91,A0A699YS43,Viridiplantae,True
210,91,62,False,1.0,False,True,False,2,True,A0A699YS43.1/17-138,91,A0A699YS43,Viridiplantae,True
211,91,69,False,1.0,True,False,False,2,True,A0A699YS43.1/17-138,91,A0A699YS43,Viridiplantae,True
212,91,97,False,1.0,False,False,False,0,True,A0A699YS43.1/17-138,91,A0A699YS43,Viridiplantae,False
213,91,101,True,1.0,False,False,False,2,True,A0A699YS43.1/17-138,91,A0A699YS43,Viridiplantae,False
215,93,84,False,1.0,True,False,False,0,True,A0A1Y2CIE5.1/52-293,93,A0A1Y2CIE5,Fungi,True
216,93,156,False,1.0,False,False,False,1,True,A0A1Y2CIE5.1/52-293,93,A0A1Y2CIE5,Fungi,False
217,93,200,True,1.0,False,False,False,0,True,A0A1Y2CIE5.1/52-293,93,A0A1Y2CIE5,Fungi,False
218,95,84,False,1.0,False,False,False,2,True,A0A1Y2BSQ4.1/61-184,95,A0A1Y2BSQ4,Fungi,False
219,97,189,False,1.0,False,False,False,2,True,A0A1Y3NC79.1/393-616,97,A0A1Y3NC79,Fungi,False
220,97,243,False,1.0,False,False,False,0,True,A0A1Y3NC79.1/393-616,97,A0A1Y3NC79,Fungi,False
221,98,84,False,1.0,True,False,False,0,True,A0A1Y1XD90.1/24-273,98,A0A1Y1XD90,Fungi,True
222,98,132,False,1.0,False,False,False,1,True,A0A1Y1XD90.1/24-273,98,A0A1Y1XD90,Fungi,False
223,98,184,False,1.0,False,False,False,0,True,A0A1Y1XD90.1/24-273,98,A0A1Y1XD90,Fungi,False
224,99,55,False,1.0,False,False,False,2,True,A0A699ZFD9.1/2-77,99,A0A699ZFD9,Viridiplantae,False
225,99,88,False,1.0,False,True,False,1,True,A0A699ZFD9.1/2-77,99,A0A699ZFD9,Viridiplantae,True
226,99,109,False,1.0,True,False,False,1,True,A0A699ZFD9.1/2-77,99,A0A699ZFD9,Viridiplantae,True
227,101,104,False,1.0,False,False,False,0,True,A0A1Y3NA58.1/42-259,101,A0A1Y3NA58,Fungi,False
228,101,205,False,1.0,False,False,False,1,True,A0A1Y3NA58.1/42-259,101,A0A1Y3NA58,Fungi,False
229,103,26,False,1.0,True,True,True,0,True,A0A699ZQV7.1/60-188,103,A0A699ZQV7,Viridiplantae,True
230,103,68,False,1.0,True,True,True,0,True,A0A699ZQV7.1/60-188,103,A0A699ZQV7,Viridiplantae,True
231,103,80,False,1.0,True,True,True,0,True,A0A699ZQV7.1/60-188,103,A0A699ZQV7,Viridiplantae,True
232,105,28,False,1.0,False,True,False,1,True,A0A1Y2B0G3.1/154-297,105,A0A1Y2B0G3,Fungi,True
233,105,52,False,1.0,True,False,False,1,True,A0A1Y2B0G3.1/154-297,105,A0A1Y2B0G3,Fungi,True
234,105,107,False,1.0,False,False,False,0,True,A0A1Y2B0G3.1/154-297,105,A0A1Y2B0G3,Fungi,False
235,108,84,False,1.0,False,False,False,2,True,A0A1Y1ZG20.1/114-188,108,A0A1Y1ZG20,Fungi,False
236,110,53,False,1.0,False,False,False,1,True,A0A1Y2FJC7.1/95-360,110,A0A1Y2FJC7,Fungi,False
237,110,59,False,1.0,False,False,False,2,True,A0A1Y2FJC7.1/95-360,110,A0A1Y2FJC7,Fungi,False
238,110,172,False,1.0,False,False,False,1,True,A0A1Y2FJC7.1/95-360,110,A0A1Y2FJC7,Fungi,False
239,110,182,False,1.0,False,True,False,2,True,A0A1Y2FJC7.1/95-360,110,A0A1Y2FJC7,Fungi,True
240,110,224,False,1.0,True,False,False,2,True,A0A1Y2FJC7.1/95-360,110,A0A1Y2FJC7,Fungi,True
241,110,229,False,1.0,False,False,False,0,True,A0A1Y2FJC7.1/95-360,110,A0A1Y2FJC7,Fungi,False
242,110,236,False,1.0,False,False,False,1,True,A0A1Y2FJC7.1/95-360,110,A0A1Y2FJC7,Fungi,False
243,110,242,True,1.0,False,True,False,0,True,A0A1Y2FJC7.1/95-360,110,A0A1Y2FJC7,Fungi,True
244,111,60,False,1.0,True,True,True,0,True,A0A2K3D504.1/72-289,111,A0A2K3D504,Viridiplantae,True
245,111,92,False,1.0,True,False,False,0,True,A0A2K3D504.1/72-289,111,A0A2K3D504,Viridiplantae,True
246,111,131,False,1.0,False,False,False,1,True,A0A2K3D504.1/72-289,111,A0A2K3D504,Viridiplantae,False
247,111,200,True,1.0,False,True,False,2,True,A0A2K3D504.1/72-289,111,A0A2K3D504,Viridiplantae,True
248,112,97,False,0.16666666666666666,False,False,False,1,True,A0A0B4H1J3.1/59-297,112,A0A0B4H1J3,Fungi,False
249,116,169,False,1.0,False,True,False,0,True,A0A507FMH2.1/221-490,116,A0A507FMH2,Fungi,True
250,116,224,False,1.0,True,True,True,0,True,A0A507FMH2.1/221-490,116,A0A507FMH2,Fungi,True
251,118,167,False,1.0,False,False,False,2,True,D8UMQ3.1/3-179,118,D8UMQ3,Viridiplantae,False
252,119,174,False,0.16666666666666666,False,False,False,2,True,A0A7D5UZ80.1/72-304,119,A0A7D5UZ80,Fungi,False
256,121,74,False,1.0,False,True,False,2,True,D8UC96.1/56-192,121,D8UC96,Viridiplantae,True
257,122,95,False,1.0,True,True,True,1,True,A0A699ZS75.1/36-116,122,A0A699ZS75,Viridiplantae,True
258,123,20,False,1.0,False,True,False,1,True,A0A1Y2HSA4.1/92-196,123,A0A1Y2HSA4,Fungi,True
259,123,37,False,1.0,True,False,False,1,True,A0A1Y2HSA4.1/92-196,123,A0A1Y2HSA4,Fungi,True
260,123,42,False,1.0,False,False,False,2,True,A0A1Y2HSA4.1/92-196,123,A0A1Y2HSA4,Fungi,False
261,123,80,False,1.0,False,True,False,1,True,A0A1Y2HSA4.1/92-196,123,A0A1Y2HSA4,Fungi,True
262,123,110,False,1.0,True,False,False,1,True,A0A1Y2HSA4.1/92-196,123,A0A1Y2HSA4,Fungi,True
263,125,97,False,0.16666666666666666,False,False,False,1,True,A0A0B4HPE1.1/62-297,125,A0A0B4HPE1,Fungi,False
264,126,84,False,1.0,False,False,False,2,True,A0A1Y2FLW3.1/85-280,126,A0A1Y2FLW3,Fungi,False
265,127,45,False,1.0,False,True,False,1,True,A0A1Y1VNK8.1/154-431,127,A0A1Y1VNK8,Fungi,True
266,127,76,False,1.0,True,False,False,1,True,A0A1Y1VNK8.1/154-431,127,A0A1Y1VNK8,Fungi,True
267,127,107,True,1.0,False,True,False,2,True,A0A1Y1VNK8.1/154-431,127,A0A1Y1VNK8,Fungi,True
268,127,107,True,1.0,True,False,False,2,True,A0A1Y1VNK8.1/154-431,127,A0A1Y1VNK8,Fungi,True
269,127,108,False,1.0,False,True,False,1,True,A0A1Y1VNK8.1/154-431,127,A0A1Y1VNK8,Fungi,True
270,127,138,False,1.0,True,False,False,1,True,A0A1Y1VNK8.1/154-431,127,A0A1Y1VNK8,Fungi,True
271,127,179,True,1.0,False,False,False,2,True,A0A1Y1VNK8.1/154-431,127,A0A1Y1VNK8,Fungi,False
272,127,222,False,1.0,False,True,False,0,True,A0A1Y1VNK8.1/154-431,127,A0A1Y1VNK8,Fungi,True
273,127,230,False,1.0,True,False,False,0,True,A0A1Y1VNK8.1/154-431,127,A0A1Y1VNK8,Fungi,True
274,127,242,False,1.0,False,False,False,1,True,A0A1Y1VNK8.1/154-431,127,A0A1Y1VNK8,Fungi,False
275,127,247,False,1.0,False,False,False,0,True,A0A1Y1VNK8.1/154-431,127,A0A1Y1VNK8,Fungi,False
276,128,200,True,1.0,False,True,False,1,True,A0A1Y3NK14.1/4-271,128,A0A1Y3NK14,Fungi,True
277,130,84,False,1.0,True,False,False,0,True,A0A1Y1XBT5.1/87-179,130,A0A1Y1XBT5,Fungi,True
278,130,134,False,1.0,False,False,False,1,True,A0A1Y1XBT5.1/87-179,130,A0A1Y1XBT5,Fungi,False
279,132,17,True,1.0,False,False,False,2,True,A0A0L0HDR8.1/41-300,132,A0A0L0HDR8,Fungi,False
280,132,81,False,1.0,False,False,False,1,True,A0A0L0HDR8.1/41-300,132,A0A0L0HDR8,Fungi,False
281,132,134,False,1.0,False,True,False,0,True,A0A0L0HDR8.1/41-300,132,A0A0L0HDR8,Fungi,True
282,133,84,False,1.0,True,False,False,0,True,A0A1Y1V699.1/20-137,133,A0A1Y1V699,Fungi,True
283,135,84,False,1.0,False,False,False,2,True,A0A1Y2A5W1.1/80-291,135,A0A1Y2A5W1,Fungi,False
284,135,169,False,1.0,False,False,False,1,True,A0A1Y2A5W1.1/80-291,135,A0A1Y2A5W1,Fungi,False
285,135,225,False,1.0,False,False,False,0,True,A0A1Y2A5W1.1/80-291,135,A0A1Y2A5W1,Fungi,False
286,136,84,False,1.0,True,False,False,0,True,A0A1Y3NEA1.1/16-139,136,A0A1Y3NEA1,Fungi,True
287,136,117,False,1.0,False,False,False,1,True,A0A1Y3NEA1.1/16-139,136,A0A1Y3NEA1,Fungi,False
291,138,84,False,1.0,True,True,True,0,True,A0A1Y3MSM5.1/55-166,138,A0A1Y3MSM5,Fungi,True
293,141,34,True,1.0,True,False,False,0,True,A0A1Y3NP58.1/98-244,141,A0A1Y3NP58,Fungi,True
294,141,46,False,1.0,False,True,False,1,True,A0A1Y3NP58.1/98-244,141,A0A1Y3NP58,Fungi,True
295,142,101,True,1.0,False,False,False,1,True,A0A1Y1X8G7.1/115-414,142,A0A1Y1X8G7,Fungi,False
296,142,121,False,1.0,False,True,False,2,True,A0A1Y1X8G7.1/115-414,142,A0A1Y1X8G7,Fungi,True
297,142,213,True,1.0,True,True,True,2,True,A0A1Y1X8G7.1/115-414,142,A0A1Y1X8G7,Fungi,True
298,142,218,False,1.0,True,False,False,2,True,A0A1Y1X8G7.1/115-414,142,A0A1Y1X8G7,Fungi,True
299,144,84,False,1.0,False,False,False,2,True,A0A1Y2D520.1/36-161,144,A0A1Y2D520,Fungi,False
300,144,117,False,1.0,False,False,False,1,True,A0A1Y2D520.1/36-161,144,A0A1Y2D520,Fungi,False
301,146,94,False,0.16666666666666666,False,False,False,1,True,A0A0B4F6V9.1/72-304,146,A0A0B4F6V9,Fungi,False
302,147,94,False,0.16666666666666666,False,False,False,1,True,A0A014N0H5.1/66-304,147,A0A014N0H5,Fungi,False
303,148,174,False,0.16666666666666666,False,False,False,2,True,E9F7F5.1/66-304,148,E9F7F5,Fungi,False
304,149,36,False,1.0,False,True,False,1,True,A0A1Y2D9V4.1/125-312,149,A0A1Y2D9V4,Fungi,True
305,149,60,False,1.0,True,False,False,1,True,A0A1Y2D9V4.1/125-312,149,A0A1Y2D9V4,Fungi,True
306,149,107,True,1.0,False,False,False,0,True,A0A1Y2D9V4.1/125-312,149,A0A1Y2D9V4,Fungi,False
307,150,84,False,1.0,True,False,False,0,True,A0A1Y1XPE5.1/29-122,150,A0A1Y1XPE5,Fungi,True
308,151,121,False,1.0,False,False,False,2,True,D8TYV9.1/211-291,151,D8TYV9,Viridiplantae,False
309,153,84,False,1.0,False,False,False,2,True,A0A1Y3MLJ4.1/62-175,153,A0A1Y3MLJ4,Fungi,False
310,155,47,False,1.0,False,False,False,2,True,A0A1Y1VSN7.1/148-310,155,A0A1Y1VSN7,Fungi,False
311,155,148,False,1.0,False,False,False,1,True,A0A1Y1VSN7.1/148-310,155,A0A1Y1VSN7,Fungi,False
312,156,23,False,1.0,False,False,False,2,True,A0A1Y3NNM9.1/8-150,156,A0A1Y3NNM9,Fungi,False
313,156,71,False,1.0,False,False,False,1,True,A0A1Y3NNM9.1/8-150,156,A0A1Y3NNM9,Fungi,False
314,157,47,False,1.0,False,False,False,2,True,A0A1Y1WSE1.1/148-310,157,A0A1Y1WSE1,Fungi,False
315,157,148,False,1.0,False,False,False,1,True,A0A1Y1WSE1.1/148-310,157,A0A1Y1WSE1,Fungi,False
316,158,29,False,1.0,False,False,False,1,True,A0A2K3DAA8.1/113-236,158,A0A2K3DAA8,Viridiplantae,False
317,161,52,False,1.0,False,False,False,1,True,A0A1Y1ZJN4.1/12-287,161,A0A1Y1ZJN4,Fungi,False
318,161,61,False,1.0,False,True,False,2,True,A0A1Y1ZJN4.1/12-287,161,A0A1Y1ZJN4,Fungi,True
319,161,87,False,1.0,True,False,False,2,True,A0A1Y1ZJN4.1/12-287,161,A0A1Y1ZJN4,Fungi,True
320,161,92,False,1.0,False,False,False,0,True,A0A1Y1ZJN4.1/12-287,161,A0A1Y1ZJN4,Fungi,False
321,161,100,False,1.0,False,False,False,1,True,A0A1Y1ZJN4.1/12-287,161,A0A1Y1ZJN4,Fungi,False
322,161,101,True,1.0,False,True,False,0,True,A0A1Y1ZJN4.1/12-287,161,A0A1Y1ZJN4,Fungi,True
323,161,138,False,1.0,True,False,False,0,True,A0A1Y1ZJN4.1/12-287,161,A0A1Y1ZJN4,Fungi,True
324,161,179,True,1.0,False,False,False,2,True,A0A1Y1ZJN4.1/12-287,161,A0A1Y1ZJN4,Fungi,False
325,161,213,True,1.0,False,True,False,1,True,A0A1Y1ZJN4.1/12-287,161,A0A1Y1ZJN4,Fungi,True
326,161,214,True,1.0,True,False,False,1,True,A0A1Y1ZJN4.1/12-287,161,A0A1Y1ZJN4,Fungi,True
327,161,214,True,1.0,False,True,False,2,True,A0A1Y1ZJN4.1/12-287,161,A0A1Y1ZJN4,Fungi,True
328,161,260,False,1.0,True,False,False,2,True,A0A1Y1ZJN4.1/12-287,161,A0A1Y1ZJN4,Fungi,True
329,163,179,True,1.0,True,False,False,0,True,A0A150GNE0.1/112-335,163,A0A150GNE0,Viridiplantae,True
330,163,186,False,1.0,False,True,False,2,True,A0A150GNE0.1/112-335,163,A0A150GNE0,Viridiplantae,True
331,164,90,False,1.0,False,False,False,2,True,A0A1Y1UV68.1/154-339,164,A0A1Y1UV68,Fungi,False
332,164,108,False,1.0,False,True,False,1,True,A0A1Y1UV68.1/154-339,164,A0A1Y1UV68,Fungi,True
333,164,138,False,1.0,True,False,False,1,True,A0A1Y1UV68.1/154-339,164,A0A1Y1UV68,Fungi,True
334,164,179,True,1.0,False,False,False,2,True,A0A1Y1UV68.1/154-339,164,A0A1Y1UV68,Fungi,False
335,164,220,False,1.0,False,True,False,0,True,A0A1Y1UV68.1/154-339,164,A0A1Y1UV68,Fungi,True
336,164,228,False,1.0,True,False,False,0,True,A0A1Y1UV68.1/154-339,164,A0A1Y1UV68,Fungi,True
337,164,242,False,1.0,False,False,False,1,True,A0A1Y1UV68.1/154-339,164,A0A1Y1UV68,Fungi,False
338,164,247,False,1.0,False,False,False,0,True,A0A1Y1UV68.1/154-339,164,A0A1Y1UV68,Fungi,False
339,165,84,False,1.0,True,False,False,0,True,A0A1Y2AYU6.1/32-146,165,A0A1Y2AYU6,Fungi,True
340,165,146,False,1.0,False,False,False,1,True,A0A1Y2AYU6.1/32-146,165,A0A1Y2AYU6,Fungi,False
341,168,57,False,1.0,False,False,False,2,True,A0A699ZN61.1/138-295,168,A0A699ZN61,Viridiplantae,False
342,168,106,False,1.0,False,False,False,1,True,A0A699ZN61.1/138-295,168,A0A699ZN61,Viridiplantae,False
343,168,107,True,1.0,False,True,False,2,True,A0A699ZN61.1/138-295,168,A0A699ZN61,Viridiplantae,True
344,169,51,False,1.0,True,True,True,0,True,A0A2K3E0T1.1/145-227,169,A0A2K3E0T1,Viridiplantae,True
345,169,68,True,1.0,True,False,False,0,True,A0A2K3E0T1.1/145-227,169,A0A2K3E0T1,Viridiplantae,True
346,169,95,False,1.0,False,True,False,2,True,A0A2K3E0T1.1/145-227,169,A0A2K3E0T1,Viridiplantae,True
347,170,24,True,1.0,True,False,False,0,True,A0A1Y2AY38.1/72-177,170,A0A1Y2AY38,Fungi,True
348,171,59,False,1.0,False,False,False,2,True,A0A6A0A102.1/2-106,171,A0A6A0A102,Viridiplantae,False
349,171,69,True,1.0,False,False,False,0,True,A0A6A0A102.1/2-106,171,A0A6A0A102,Viridiplantae,False
350,171,105,False,1.0,False,False,False,2,True,A0A6A0A102.1/2-106,171,A0A6A0A102,Viridiplantae,False
351,172,57,False,1.0,False,False,False,1,True,A0A1Y1W8F7.1/338-519,172,A0A1Y1W8F7,Fungi,False
352,172,59,False,1.0,False,False,False,0,True,A0A1Y1W8F7.1/338-519,172,A0A1Y1W8F7,Fungi,False
353,172,107,True,1.0,False,False,False,1,True,A0A1Y1W8F7.1/338-519,172,A0A1Y1W8F7,Fungi,False
354,172,119,False,1.0,False,True,False,0,True,A0A1Y1W8F7.1/338-519,172,A0A1Y1W8F7,Fungi,True
355,173,84,False,1.0,False,False,False,2,True,A0A1Y1VSZ3.1/78-188,173,A0A1Y1VSZ3,Fungi,False
356,173,148,False,1.0,False,False,False,1,True,A0A1Y1VSZ3.1/78-188,173,A0A1Y1VSZ3,Fungi,False
