,index,exon_bs_aa,exon_bs_ins,exon_rew,last_ex_sym,next_ex_sym,both_ex_sym,intron_ph,phases_ok,uniprot_name,protein_index,uniprot_id,kingdom,any_exon_sym
0,0,6,False,1.0,True,True,True,0,True,A0A2V0PRN4.1/50-145,0,A0A2V0PRN4,Viridiplantae,True
1,0,38,False,1.0,True,True,True,0,True,A0A2V0PRN4.1/50-145,0,A0A2V0PRN4,Viridiplantae,True
2,1,58,False,1.0,True,True,True,0,True,A0A397KWX3.1/59-155,1,A0A397KWX3,Viridiplantae,True
3,2,6,False,1.0,True,True,True,0,True,A0A0D2KZ85.1/51-146,2,A0A0D2KZ85,Viridiplantae,True
4,2,80,False,1.0,True,True,True,0,True,A0A0D2KZ85.1/51-146,2,A0A0D2KZ85,Viridiplantae,True
5,3,0,True,1.0,True,False,False,0,True,A0A2P6V3P0.1/52-147,3,A0A2P6V3P0,Viridiplantae,True
6,3,0,False,1.0,False,False,False,1,True,A0A2P6V3P0.1/52-147,3,A0A2P6V3P0,Viridiplantae,False
7,3,38,False,1.0,False,False,False,2,True,A0A2P6V3P0.1/52-147,3,A0A2P6V3P0,Viridiplantae,False
8,3,51,False,1.0,False,False,False,1,True,A0A2P6V3P0.1/52-147,3,A0A2P6V3P0,Viridiplantae,False
9,3,78,False,1.0,False,False,False,0,True,A0A2P6V3P0.1/52-147,3,A0A2P6V3P0,Viridiplantae,False
10,6,58,False,1.0,True,True,True,0,True,A0A394D8F3.1/54-151,6,A0A394D8F3,Viridiplantae,True
11,7,0,True,0.5,True,True,True,0,True,D8TK07.1/49-144,7,D8TK07,Viridiplantae,True
12,8,82,False,1.0,True,False,False,0,True,A0A5A7PN00.1/68-163,8,A0A5A7PN00,Viridiplantae,True
13,9,0,True,0.3333333333333333,True,False,False,0,True,A0A383VAG8.1/50-145,9,A0A383VAG8,Viridiplantae,True
14,9,31,False,0.3333333333333333,False,False,False,2,True,A0A383VAG8.1/50-145,9,A0A383VAG8,Viridiplantae,False
15,10,0,False,0.3333333333333333,False,False,False,1,True,P26956.2/50-145,10,P26956,Viridiplantae,False
16,10,38,False,0.3333333333333333,False,False,False,2,True,P26956.2/50-145,10,P26956,Viridiplantae,False
17,11,38,False,1.0,True,True,True,0,True,A0A150H568.1/50-145,11,A0A150H568,Viridiplantae,True
18,12,0,True,1.0,True,True,True,0,True,D8TJU4.1/49-144,12,D8TJU4,Viridiplantae,True
19,13,0,True,1.0,True,True,True,0,True,A8JH68.1/50-145,13,A8JH68,Viridiplantae,True
20,14,0,True,0.5,True,True,True,0,True,A0A2J8AIN1.1/49-144,14,A0A2J8AIN1,Viridiplantae,True
21,15,0,False,1.0,False,False,False,1,True,E1ZMW2.1/2-93,15,E1ZMW2,Viridiplantae,False
22,15,38,False,1.0,False,False,False,2,True,E1ZMW2.1/2-93,15,E1ZMW2,Viridiplantae,False
23,15,78,False,1.0,False,False,False,1,True,E1ZMW2.1/2-93,15,E1ZMW2,Viridiplantae,False
24,16,19,False,1.0,False,False,False,0,True,A0A5N6NAM0.1/1357-1453,16,A0A5N6NAM0,Viridiplantae,False
25,16,50,False,1.0,False,False,False,2,True,A0A5N6NAM0.1/1357-1453,16,A0A5N6NAM0,Viridiplantae,False
26,17,0,True,1.0,False,False,False,1,True,A0A2P6TGD1.1/52-147,17,A0A2P6TGD1,Viridiplantae,False
27,17,0,False,1.0,False,False,False,0,True,A0A2P6TGD1.1/52-147,17,A0A2P6TGD1,Viridiplantae,False
28,17,38,False,1.0,False,False,False,2,True,A0A2P6TGD1.1/52-147,17,A0A2P6TGD1,Viridiplantae,False
29,17,61,False,1.0,False,False,False,1,True,A0A2P6TGD1.1/52-147,17,A0A2P6TGD1,Viridiplantae,False
30,18,53,False,1.0,True,True,True,0,True,K8EJ23.1/50-145,18,K8EJ23,Viridiplantae,True
31,19,2,False,1.0,False,False,False,0,True,A0A250XFT8.1/89-184,19,A0A250XFT8,Viridiplantae,False
32,19,20,False,1.0,False,False,False,1,True,A0A250XFT8.1/89-184,19,A0A250XFT8,Viridiplantae,False
33,20,38,False,1.0,True,True,True,0,True,Q4R1A7.1/56-151,20,Q4R1A7,Viridiplantae,True
34,21,32,False,1.0,True,True,True,0,True,A0A3P6FES5.1/69-163,21,A0A3P6FES5,Viridiplantae,True
35,21,63,False,1.0,True,False,False,0,True,A0A3P6FES5.1/69-163,21,A0A3P6FES5,Viridiplantae,True
36,22,0,True,0.3333333333333333,True,False,False,0,True,A0A7J7QLF4.1/50-145,22,A0A7J7QLF4,Viridiplantae,True
37,22,31,False,0.3333333333333333,False,False,False,2,True,A0A7J7QLF4.1/50-145,22,A0A7J7QLF4,Viridiplantae,False
38,24,6,False,1.0,True,True,True,0,True,A4S360.1/9-104,24,A4S360,Viridiplantae,True
39,25,38,False,1.0,True,True,True,0,True,A0A5J4Y0G9.1/62-157,25,A0A5J4Y0G9,Viridiplantae,True
40,26,0,True,1.0,False,False,False,1,True,A0A699YCP1.1/51-146,26,A0A699YCP1,Viridiplantae,False
41,27,2,False,1.0,True,True,True,0,True,C1EB66.1/74-169,27,C1EB66,Viridiplantae,True
42,27,48,True,1.0,True,True,True,0,True,C1EB66.1/74-169,27,C1EB66,Viridiplantae,True
43,28,19,False,1.0,True,True,True,0,True,C1MV32.1/57-151,28,C1MV32,Viridiplantae,True
44,28,48,True,1.0,True,True,True,0,True,C1MV32.1/57-151,28,C1MV32,Viridiplantae,True
45,29,6,False,1.0,True,True,True,0,True,A0A090M4V5.1/59-153,29,A0A090M4V5,Viridiplantae,True
46,30,0,True,1.0,True,True,True,0,True,I0YIV1.1/45-140,30,I0YIV1,Viridiplantae,True
47,31,22,False,1.0,False,False,False,2,True,A0A087SFC6.1/59-154,31,A0A087SFC6,Viridiplantae,False
48,34,80,False,1.0,True,True,True,0,True,A0A426YJU1.1/34-126,34,A0A426YJU1,Viridiplantae,True
49,35,54,False,1.0,True,True,True,0,True,A0A200QZS0.1/67-157,35,A0A200QZS0,Viridiplantae,True
50,36,19,False,0.5,False,False,False,2,True,K0RWK5.1/53-149,36,K0RWK5,unknown,False
51,37,48,True,0.5,True,True,True,0,True,A0A1Y1HW24.1/65-159,37,A0A1Y1HW24,Viridiplantae,True
52,41,19,False,0.5,True,True,True,1,True,K0SZ08.1/135-228,41,K0SZ08,unknown,True
53,42,21,False,1.0,True,True,True,0,True,A0A6A6NHU3.1/57-140,42,A0A6A6NHU3,Viridiplantae,True
54,43,75,False,1.0,False,False,False,1,True,A0A7J8MM10.1/70-160,43,A0A7J8MM10,Viridiplantae,False
55,45,64,False,1.0,True,True,True,0,True,A0A7I8IZL7.1/40-126,45,A0A7I8IZL7,Viridiplantae,True
56,46,10,False,0.5,True,True,True,0,True,A0A0L0HCP2.1/29-122,46,A0A0L0HCP2,Fungi,True
57,49,15,False,1.0,False,False,False,2,True,A0A5P1EYP2.1/101-194,49,A0A5P1EYP2,Viridiplantae,False
58,51,82,False,0.5,True,True,True,0,True,A0A507E734.1/268-361,51,A0A507E734,Fungi,True
59,52,16,False,1.0,False,False,False,1,True,A0A176VHA0.1/167-260,52,A0A176VHA0,Viridiplantae,False
60,55,62,False,1.0,False,False,False,1,True,A0A5J5B412.1/71-149,55,A0A5J5B412,Viridiplantae,False
61,56,25,False,1.0,True,True,True,0,True,A0A5P1F4C6.1/2-65,56,A0A5P1F4C6,Viridiplantae,True
62,57,50,False,1.0,True,False,False,0,True,D8TJU3.1/65-158,57,D8TJU3,Viridiplantae,True
63,57,62,False,1.0,False,False,False,1,True,D8TJU3.1/65-158,57,D8TJU3,Viridiplantae,False
64,58,62,False,1.0,False,True,False,0,True,A0A7J7NM91.1/160-236,58,A0A7J7NM91,Viridiplantae,True
65,61,62,False,1.0,False,False,False,1,True,A0A7J7LVU6.1/32-110,61,A0A7J7LVU6,Viridiplantae,False
66,63,65,False,1.0,True,False,False,0,True,A0A3M7L726.1/13-90,63,A0A3M7L726,Viridiplantae,True
67,64,17,False,1.0,False,False,False,2,True,A0A087SAE5.1/126-203,64,A0A087SAE5,Viridiplantae,False
68,65,73,False,1.0,True,True,True,0,True,A0A1R3L5Q1.1/2-37,65,A0A1R3L5Q1,Viridiplantae,True
69,67,71,False,1.0,False,False,False,2,True,A0A139AQK6.1/26-114,67,A0A139AQK6,Fungi,False
70,68,44,False,0.2,False,False,False,2,True,A0A372QQW8.1/30-121,68,A0A372QQW8,Fungi,False
71,68,68,False,0.2,False,False,False,1,True,A0A372QQW8.1/30-121,68,A0A372QQW8,Fungi,False
72,69,42,False,0.2,False,False,False,2,True,A0A015I2Q2.1/29-120,69,A0A015I2Q2,Fungi,False
73,69,69,False,0.2,False,False,False,1,True,A0A015I2Q2.1/29-120,69,A0A015I2Q2,Fungi,False
74,70,17,False,0.2,True,False,False,0,True,A0A2I1H714.1/29-120,70,A0A2I1H714,Fungi,True
75,70,45,False,0.2,False,False,False,1,True,A0A2I1H714.1/29-120,70,A0A2I1H714,Fungi,False
76,71,42,False,0.2,False,False,False,2,True,U9TNQ1.1/29-120,71,U9TNQ1,Fungi,False
77,71,69,False,0.2,False,False,False,1,True,U9TNQ1.1/29-120,71,U9TNQ1,Fungi,False
78,73,23,False,0.5,False,True,False,2,True,A0A2R6PC83.1/48-145,73,A0A2R6PC83,Fungi,True
79,73,64,False,0.5,True,False,False,2,True,A0A2R6PC83.1/48-145,73,A0A2R6PC83,Fungi,True
80,73,78,False,0.5,False,True,False,1,True,A0A2R6PC83.1/48-145,73,A0A2R6PC83,Fungi,True
81,74,0,True,1.0,True,False,False,0,True,A0A0C3NLU2.1/50-142,74,A0A0C3NLU2,Fungi,True
82,74,22,False,1.0,False,True,False,2,True,A0A0C3NLU2.1/50-142,74,A0A0C3NLU2,Fungi,True
83,74,64,False,1.0,True,False,False,2,True,A0A0C3NLU2.1/50-142,74,A0A0C3NLU2,Fungi,True
84,74,78,False,1.0,False,True,False,1,True,A0A0C3NLU2.1/50-142,74,A0A0C3NLU2,Fungi,True
85,77,17,False,0.16666666666666666,True,False,False,0,True,A0A2N1MVZ9.1/41-129,77,A0A2N1MVZ9,Fungi,True
86,77,47,False,0.16666666666666666,False,False,False,1,True,A0A2N1MVZ9.1/41-129,77,A0A2N1MVZ9,Fungi,False
87,80,17,False,0.16666666666666666,True,False,False,0,True,A0A2N0P502.1/41-129,80,A0A2N0P502,Fungi,True
88,80,47,False,0.16666666666666666,False,False,False,1,True,A0A2N0P502.1/41-129,80,A0A2N0P502,Fungi,False
89,82,17,False,0.2,True,False,False,0,True,A0A2I1E6K7.1/29-120,82,A0A2I1E6K7,Fungi,True
90,82,45,False,0.2,False,False,False,1,True,A0A2I1E6K7.1/29-120,82,A0A2I1E6K7,Fungi,False
91,85,5,False,1.0,False,False,False,1,True,A0A6A6PV03.1/22-111,85,A0A6A6PV03,Fungi,False
92,85,42,False,1.0,False,False,False,2,True,A0A6A6PV03.1/22-111,85,A0A6A6PV03,Fungi,False
93,86,16,False,1.0,True,False,False,0,True,K5UZU8.1/53-145,86,K5UZU8,Fungi,True
94,86,44,False,1.0,False,True,False,1,True,K5UZU8.1/53-145,86,K5UZU8,Fungi,True
95,86,59,False,1.0,True,False,False,1,True,K5UZU8.1/53-145,86,K5UZU8,Fungi,True
96,87,3,False,1.0,False,False,False,2,True,A0A4U0W3P3.1/138-229,87,A0A4U0W3P3,Fungi,False
97,87,26,False,1.0,False,True,False,0,True,A0A4U0W3P3.1/138-229,87,A0A4U0W3P3,Fungi,True
98,87,77,False,1.0,True,True,True,0,True,A0A4U0W3P3.1/138-229,87,A0A4U0W3P3,Fungi,True
99,90,27,False,1.0,True,False,False,0,True,R7S1E9.1/27-125,90,R7S1E9,Fungi,True
100,90,64,True,1.0,False,True,False,2,True,R7S1E9.1/27-125,90,R7S1E9,Fungi,True
101,91,25,False,1.0,False,False,False,1,True,A0A433PHE1.1/23-115,91,A0A433PHE1,Fungi,False
102,91,64,False,1.0,False,False,False,2,True,A0A433PHE1.1/23-115,91,A0A433PHE1,Fungi,False
103,92,17,False,1.0,True,False,False,0,True,A0A2Z6S311.1/29-120,92,A0A2Z6S311,Fungi,True
104,92,45,False,1.0,False,False,False,1,True,A0A2Z6S311.1/29-120,92,A0A2Z6S311,Fungi,False
105,93,0,True,0.5,False,False,False,1,True,A0A165DMJ6.1/20-103,93,A0A165DMJ6,Fungi,False
106,93,78,False,0.5,False,False,False,2,True,A0A165DMJ6.1/20-103,93,A0A165DMJ6,Fungi,False
107,94,13,False,0.5,False,False,False,1,True,A0A165BX41.1/20-103,94,A0A165BX41,Fungi,False
108,94,61,False,0.5,False,False,False,2,True,A0A165BX41.1/20-103,94,A0A165BX41,Fungi,False
109,94,66,False,0.5,False,False,False,0,True,A0A165BX41.1/20-103,94,A0A165BX41,Fungi,False
110,95,61,False,0.2,False,False,False,2,True,A0A372RF72.1/27-124,95,A0A372RF72,Fungi,False
111,97,0,True,1.0,True,False,False,0,True,A0A433Q617.1/21-114,97,A0A433Q617,Fungi,True
112,97,37,False,1.0,False,False,False,2,True,A0A433Q617.1/21-114,97,A0A433Q617,Fungi,False
113,99,6,False,1.0,False,False,False,2,True,A0A109FNA1.1/139-230,99,A0A109FNA1,Fungi,False
114,99,11,False,1.0,False,True,False,0,True,A0A109FNA1.1/139-230,99,A0A109FNA1,Fungi,True
115,99,65,False,1.0,True,True,True,0,True,A0A109FNA1.1/139-230,99,A0A109FNA1,Fungi,True
116,101,48,True,1.0,True,True,True,0,True,A0A2S5BCT5.1/145-236,101,A0A2S5BCT5,Fungi,True
117,101,70,False,1.0,True,False,False,0,True,A0A2S5BCT5.1/145-236,101,A0A2S5BCT5,Fungi,True
118,102,17,False,1.0,True,False,False,0,True,A0A397U6G4.1/36-126,102,A0A397U6G4,Fungi,True
119,102,48,True,1.0,False,False,False,1,True,A0A397U6G4.1/36-126,102,A0A397U6G4,Fungi,False
120,103,82,False,1.0,False,False,False,2,True,A0A5N5DL22.1/111-234,103,A0A5N5DL22,Fungi,False
121,104,17,False,0.25,True,False,False,0,True,A0A2I1E384.1/24-118,104,A0A2I1E384,Fungi,True
122,104,48,False,0.25,False,False,False,1,True,A0A2I1E384.1/24-118,104,A0A2I1E384,Fungi,False
123,106,17,False,0.25,True,False,False,0,True,A0A2N1P186.1/24-118,106,A0A2N1P186,Fungi,True
124,106,48,False,0.25,False,False,False,1,True,A0A2N1P186.1/24-118,106,A0A2N1P186,Fungi,False
125,108,33,False,1.0,False,False,False,1,True,A0A364MRU2.1/19-113,108,A0A364MRU2,Fungi,False
126,108,74,False,1.0,False,True,False,0,True,A0A364MRU2.1/19-113,108,A0A364MRU2,Fungi,True
127,109,27,False,1.0,False,True,False,2,True,A0A4Y7QK43.1/52-152,109,A0A4Y7QK43,Fungi,True
128,109,68,False,1.0,True,True,True,2,True,A0A4Y7QK43.1/52-152,109,A0A4Y7QK43,Fungi,True
129,110,58,False,0.25,False,False,False,1,True,A0A0G0A5Y9.1/24-123,110,A0A0G0A5Y9,Fungi,False
130,111,0,True,1.0,False,False,False,2,True,A0A397VHI2.1/29-124,111,A0A397VHI2,Fungi,False
131,111,48,True,1.0,False,False,False,0,True,A0A397VHI2.1/29-124,111,A0A397VHI2,Fungi,False
132,111,72,False,1.0,False,False,False,1,True,A0A397VHI2.1/29-124,111,A0A397VHI2,Fungi,False
133,112,17,False,0.2,True,False,False,0,True,A0A2N1NW66.1/27-124,112,A0A2N1NW66,Fungi,True
134,112,48,True,0.2,False,False,False,1,True,A0A2N1NW66.1/27-124,112,A0A2N1NW66,Fungi,False
135,113,17,False,0.2,True,False,False,0,True,A0A015LYJ9.1/27-124,113,A0A015LYJ9,Fungi,True
136,113,48,True,0.2,False,False,False,1,True,A0A015LYJ9.1/27-124,113,A0A015LYJ9,Fungi,False
137,114,61,False,0.2,False,False,False,2,True,A0A2H5R279.1/27-124,114,A0A2H5R279,Fungi,False
138,115,17,False,0.2,True,False,False,0,True,A0A2I1G3E9.1/27-124,115,A0A2I1G3E9,Fungi,True
139,115,48,True,0.2,False,False,False,1,True,A0A2I1G3E9.1/27-124,115,A0A2I1G3E9,Fungi,False
140,116,22,False,0.3333333333333333,False,True,False,2,True,A0A2H3C496.1/52-151,116,A0A2H3C496,Fungi,True
141,116,64,False,0.3333333333333333,True,True,True,2,True,A0A2H3C496.1/52-151,116,A0A2H3C496,Fungi,True
142,116,70,True,0.3333333333333333,True,False,False,2,True,A0A2H3C496.1/52-151,116,A0A2H3C496,Fungi,True
143,117,10,False,0.25,True,True,True,0,True,A0A0K3CSR0.1/182-273,117,A0A0K3CSR0,Fungi,True
144,117,33,False,0.25,True,False,False,0,True,A0A0K3CSR0.1/182-273,117,A0A0K3CSR0,Fungi,True
145,118,18,False,0.25,True,True,True,0,True,A0A2T0A0G3.1/182-273,118,A0A2T0A0G3,Fungi,True
146,118,41,False,0.25,True,False,False,0,True,A0A2T0A0G3.1/182-273,118,A0A2T0A0G3,Fungi,True
147,119,22,False,0.3333333333333333,False,True,False,2,True,A0A284QUL6.1/52-151,119,A0A284QUL6,Fungi,True
148,119,64,False,0.3333333333333333,True,True,True,2,True,A0A284QUL6.1/52-151,119,A0A284QUL6,Fungi,True
149,119,70,True,0.3333333333333333,True,False,False,2,True,A0A284QUL6.1/52-151,119,A0A284QUL6,Fungi,True
150,120,14,False,1.0,False,True,False,1,True,A0A4Z0ACL0.1/72-168,120,A0A4Z0ACL0,Fungi,True
151,120,30,False,1.0,True,False,False,1,True,A0A4Z0ACL0.1/72-168,120,A0A4Z0ACL0,Fungi,True
152,120,70,True,1.0,False,True,False,2,True,A0A4Z0ACL0.1/72-168,120,A0A4Z0ACL0,Fungi,True
153,121,23,False,0.5,False,True,False,2,True,A0A4S4K9V8.1/48-142,121,A0A4S4K9V8,Fungi,True
154,121,64,False,0.5,True,False,False,2,True,A0A4S4K9V8.1/48-142,121,A0A4S4K9V8,Fungi,True
155,121,78,False,0.5,False,True,False,1,True,A0A4S4K9V8.1/48-142,121,A0A4S4K9V8,Fungi,True
156,122,17,False,1.0,True,False,False,0,True,A0A397VR34.1/24-117,122,A0A397VR34,Fungi,True
157,122,45,False,1.0,False,False,False,1,True,A0A397VR34.1/24-117,122,A0A397VR34,Fungi,False
158,124,22,False,0.3333333333333333,False,True,False,2,True,A0A2H3DN07.1/51-150,124,A0A2H3DN07,Fungi,True
159,124,64,False,0.3333333333333333,True,True,True,2,True,A0A2H3DN07.1/51-150,124,A0A2H3DN07,Fungi,True
160,124,70,True,0.3333333333333333,True,False,False,2,True,A0A2H3DN07.1/51-150,124,A0A2H3DN07,Fungi,True
161,125,22,False,0.5,True,True,True,2,True,V2X0C1.1/52-146,125,V2X0C1,Fungi,True
162,125,63,False,0.5,True,True,True,2,True,V2X0C1.1/52-146,125,V2X0C1,Fungi,True
163,125,70,True,0.5,True,False,False,2,True,V2X0C1.1/52-146,125,V2X0C1,Fungi,True
164,126,23,False,1.0,False,True,False,2,True,A0A0C3PIY5.1/54-142,126,A0A0C3PIY5,Fungi,True
165,126,64,False,1.0,True,False,False,2,True,A0A0C3PIY5.1/54-142,126,A0A0C3PIY5,Fungi,True
166,126,78,False,1.0,False,True,False,1,True,A0A0C3PIY5.1/54-142,126,A0A0C3PIY5,Fungi,True
167,127,23,False,1.0,False,True,False,2,True,A0A067SRK3.1/57-149,127,A0A067SRK3,Fungi,True
168,127,63,False,1.0,True,True,True,2,True,A0A067SRK3.1/57-149,127,A0A067SRK3,Fungi,True
169,127,70,True,1.0,True,False,False,2,True,A0A067SRK3.1/57-149,127,A0A067SRK3,Fungi,True
170,128,58,False,1.0,False,False,False,1,True,A0A2K0URV6.1/24-123,128,A0A2K0URV6,Fungi,False
171,130,22,False,1.0,False,True,False,2,True,A0A4Q9MY17.1/55-150,130,A0A4Q9MY17,Fungi,True
172,130,64,False,1.0,True,False,False,2,True,A0A4Q9MY17.1/55-150,130,A0A4Q9MY17,Fungi,True
173,130,78,False,1.0,False,True,False,1,True,A0A4Q9MY17.1/55-150,130,A0A4Q9MY17,Fungi,True
174,131,17,False,1.0,True,False,False,0,True,A0A397V0W6.1/23-118,131,A0A397V0W6,Fungi,True
175,131,47,False,1.0,False,False,False,1,True,A0A397V0W6.1/23-118,131,A0A397V0W6,Fungi,False
176,133,26,False,1.0,True,False,False,0,True,A0A6A6VLF2.1/152-258,133,A0A6A6VLF2,Fungi,True
177,134,72,False,1.0,False,False,False,1,True,A0A316Z973.1/21-111,134,A0A316Z973,Fungi,False
178,135,52,True,0.25,True,False,False,0,True,A0A2N1KU34.1/23-122,135,A0A2N1KU34,Fungi,True
179,135,83,False,0.25,False,False,False,2,True,A0A2N1KU34.1/23-122,135,A0A2N1KU34,Fungi,False
180,136,52,True,0.25,True,False,False,0,True,A0A2T4AF58.1/24-123,136,A0A2T4AF58,Fungi,True
181,136,83,False,0.25,False,False,False,2,True,A0A2T4AF58.1/24-123,136,A0A2T4AF58,Fungi,False
182,137,22,False,1.0,False,False,False,2,True,A0A146IP90.1/55-151,137,A0A146IP90,Fungi,False
183,137,29,False,1.0,False,True,False,1,True,A0A146IP90.1/55-151,137,A0A146IP90,Fungi,True
184,137,64,False,1.0,True,False,False,1,True,A0A146IP90.1/55-151,137,A0A146IP90,Fungi,True
185,137,75,False,1.0,False,False,False,0,True,A0A146IP90.1/55-151,137,A0A146IP90,Fungi,False
186,138,59,False,0.25,False,False,False,1,True,A0A1T3C6L9.1/24-123,138,A0A1T3C6L9,Fungi,False
187,140,64,False,1.0,False,False,False,1,True,A0A4S4L4F5.1/633-730,140,A0A4S4L4F5,Fungi,False
188,141,82,False,0.5,False,False,False,2,True,A0A0G2GFS1.1/89-216,141,A0A0G2GFS1,Fungi,False
189,142,17,False,1.0,True,False,False,0,True,A0A316YT30.1/32-119,142,A0A316YT30,Fungi,True
190,143,34,True,1.0,True,True,True,0,True,A0A1Y1HWU6.1/213-294,143,A0A1Y1HWU6,Viridiplantae,True
191,143,80,False,1.0,True,False,False,0,True,A0A1Y1HWU6.1/213-294,143,A0A1Y1HWU6,Viridiplantae,True
192,145,36,False,1.0,True,True,True,2,True,A0A6A7BB44.1/22-120,145,A0A6A7BB44,Fungi,True
193,146,22,False,1.0,False,True,False,2,True,K5XI38.1/54-146,146,K5XI38,Fungi,True
194,146,63,False,1.0,True,True,True,2,True,K5XI38.1/54-146,146,K5XI38,Fungi,True
195,146,70,True,1.0,True,False,False,2,True,K5XI38.1/54-146,146,K5XI38,Fungi,True
196,147,52,False,1.0,True,True,True,0,True,A0A0A1TFQ9.1/20-117,147,A0A0A1TFQ9,Fungi,True
197,148,24,False,0.5,True,False,False,0,True,A0A5B0LQM5.1/52-151,148,A0A5B0LQM5,Fungi,True
198,148,44,False,0.5,False,False,False,2,True,A0A5B0LQM5.1/52-151,148,A0A5B0LQM5,Fungi,False
199,148,75,False,0.5,False,True,False,1,True,A0A5B0LQM5.1/52-151,148,A0A5B0LQM5,Fungi,True
200,149,18,False,0.5,False,False,False,0,True,E3KGV4.2/52-151,149,E3KGV4,Fungi,False
201,150,57,False,0.3333333333333333,False,False,False,1,True,A0A1S8BAZ9.1/24-118,150,A0A1S8BAZ9,Fungi,False
202,151,60,False,0.3333333333333333,False,False,False,1,True,A0A0G2H0U6.1/24-118,151,A0A0G2H0U6,Fungi,False
203,152,31,False,1.0,False,True,False,0,True,A0A388M5V7.1/24-126,152,A0A388M5V7,Viridiplantae,True
204,152,48,True,1.0,True,False,False,0,True,A0A388M5V7.1/24-126,152,A0A388M5V7,Viridiplantae,True
205,153,18,False,0.25,True,True,True,0,True,A0A061ATP2.1/182-273,153,A0A061ATP2,Fungi,True
206,153,41,False,0.25,True,False,False,0,True,A0A061ATP2.1/182-273,153,A0A061ATP2,Fungi,True
207,154,3,False,0.25,False,False,False,2,True,M7X0C6.1/182-273,154,M7X0C6,Fungi,False
208,154,26,False,0.25,False,True,False,0,True,M7X0C6.1/182-273,154,M7X0C6,Fungi,True
209,154,77,False,0.25,True,True,True,0,True,M7X0C6.1/182-273,154,M7X0C6,Fungi,True
210,156,1,False,1.0,True,True,True,0,True,A0A1C7MKX9.1/48-147,156,A0A1C7MKX9,Fungi,True
211,156,78,False,1.0,True,False,False,0,True,A0A1C7MKX9.1/48-147,156,A0A1C7MKX9,Fungi,True
212,157,68,False,1.0,False,True,False,1,True,A0A2G8RQK6.1/7-99,157,A0A2G8RQK6,Fungi,True
213,158,0,True,1.0,False,False,False,1,True,A0A163KBZ7.1/23-122,158,A0A163KBZ7,Fungi,False
214,158,70,False,1.0,False,False,False,0,True,A0A163KBZ7.1/23-122,158,A0A163KBZ7,Fungi,False
215,159,22,False,0.5,False,True,False,2,True,A0A5C3PNS0.1/54-150,159,A0A5C3PNS0,Fungi,True
216,159,64,False,0.5,True,False,False,2,True,A0A5C3PNS0.1/54-150,159,A0A5C3PNS0,Fungi,True
217,159,78,False,0.5,False,True,False,1,True,A0A5C3PNS0.1/54-150,159,A0A5C3PNS0,Fungi,True
218,160,22,False,0.5,False,True,False,2,True,A0A371D773.1/54-150,160,A0A371D773,Fungi,True
219,160,64,False,0.5,True,False,False,2,True,A0A371D773.1/54-150,160,A0A371D773,Fungi,True
220,160,78,False,0.5,False,True,False,1,True,A0A371D773.1/54-150,160,A0A371D773,Fungi,True
221,161,0,False,1.0,True,True,True,0,True,A0A067P0D3.1/56-153,161,A0A067P0D3,Fungi,True
222,161,36,False,1.0,True,False,False,0,True,A0A067P0D3.1/56-153,161,A0A067P0D3,Fungi,True
223,161,43,False,1.0,False,True,False,2,True,A0A067P0D3.1/56-153,161,A0A067P0D3,Fungi,True
224,162,52,False,0.2,False,False,False,1,True,M2U2Q4.1/23-121,162,M2U2Q4,Fungi,False
225,165,56,False,1.0,False,False,False,1,True,A0A2U1LBJ7.1/5-61,165,A0A2U1LBJ7,Viridiplantae,False
226,166,3,False,1.0,False,True,False,1,True,A0A286UXQ3.1/56-151,166,A0A286UXQ3,Fungi,True
227,166,30,False,1.0,True,True,True,1,True,A0A286UXQ3.1/56-151,166,A0A286UXQ3,Fungi,True
228,166,44,False,1.0,True,False,False,1,True,A0A286UXQ3.1/56-151,166,A0A286UXQ3,Fungi,True
229,167,7,False,1.0,True,False,False,0,True,A0A1Y2IP02.1/58-150,167,A0A1Y2IP02,Fungi,True
230,167,32,False,1.0,False,True,False,1,True,A0A1Y2IP02.1/58-150,167,A0A1Y2IP02,Fungi,True
231,167,48,True,1.0,True,False,False,1,True,A0A1Y2IP02.1/58-150,167,A0A1Y2IP02,Fungi,True
232,168,45,False,1.0,False,False,False,1,True,A0A6A5RIJ0.1/11-110,168,A0A6A5RIJ0,Fungi,False
233,169,7,False,1.0,True,False,False,0,True,A0A060S8W0.1/56-148,169,A0A060S8W0,Fungi,True
234,169,33,False,1.0,False,True,False,1,True,A0A060S8W0.1/56-148,169,A0A060S8W0,Fungi,True
235,169,48,True,1.0,True,False,False,1,True,A0A060S8W0.1/56-148,169,A0A060S8W0,Fungi,True
236,171,47,False,1.0,False,False,False,1,True,A0A6A6IG34.1/22-117,171,A0A6A6IG34,Fungi,False
237,172,26,False,1.0,True,False,False,0,True,R1G6F6.1/94-199,172,R1G6F6,Fungi,True
238,172,82,False,1.0,False,False,False,2,True,R1G6F6.1/94-199,172,R1G6F6,Fungi,False
239,173,59,False,0.3333333333333333,False,False,False,1,True,A0A1J9R5Z4.1/24-118,173,A0A1J9R5Z4,Fungi,False
240,174,13,False,1.0,True,False,False,0,True,A0A1Y1I3Z4.1/38-116,174,A0A1Y1I3Z4,Viridiplantae,True
241,174,55,False,1.0,False,True,False,1,True,A0A1Y1I3Z4.1/38-116,174,A0A1Y1I3Z4,Viridiplantae,True
242,175,31,False,1.0,False,False,False,1,True,A0A6A5UD71.1/20-114,175,A0A6A5UD71,Fungi,False
243,176,26,False,1.0,True,False,False,0,True,A0A6A6BJJ0.1/35-140,176,A0A6A6BJJ0,Fungi,True
244,177,53,False,1.0,True,False,False,0,True,B8MI28.1/50-144,177,B8MI28,Fungi,True
245,178,70,True,1.0,True,False,False,0,True,A0A433DAA3.1/21-112,178,A0A433DAA3,Fungi,True
246,180,48,True,1.0,False,False,False,1,True,K2S5Q5.1/23-118,180,K2S5Q5,Fungi,False
247,181,4,False,1.0,True,True,True,0,True,A0A316YIW9.1/26-113,181,A0A316YIW9,Fungi,True
248,181,73,False,1.0,True,True,True,0,True,A0A316YIW9.1/26-113,181,A0A316YIW9,Fungi,True
249,182,22,False,0.5,True,True,True,2,True,A0A0W0FU26.1/52-146,182,A0A0W0FU26,Fungi,True
250,182,63,False,0.5,True,True,True,2,True,A0A0W0FU26.1/52-146,182,A0A0W0FU26,Fungi,True
251,182,70,True,0.5,True,False,False,2,True,A0A0W0FU26.1/52-146,182,A0A0W0FU26,Fungi,True
252,183,38,False,1.0,False,False,False,1,True,A0A425BJ51.1/49-144,183,A0A425BJ51,Fungi,False
253,183,64,False,1.0,False,False,False,2,True,A0A425BJ51.1/49-144,183,A0A425BJ51,Fungi,False
254,184,48,True,1.0,False,False,False,1,True,A0A364MXJ8.1/12-110,184,A0A364MXJ8,Fungi,False
255,185,17,False,1.0,True,False,False,0,True,A0A2Z6R3T7.1/43-132,185,A0A2Z6R3T7,Fungi,True
256,185,47,False,1.0,False,False,False,1,True,A0A2Z6R3T7.1/43-132,185,A0A2Z6R3T7,Fungi,False
258,188,3,False,1.0,False,False,False,2,True,A0A511KCH6.1/175-266,188,A0A511KCH6,Fungi,False
259,188,26,False,1.0,False,True,False,0,True,A0A511KCH6.1/175-266,188,A0A511KCH6,Fungi,True
260,188,77,False,1.0,True,True,True,0,True,A0A511KCH6.1/175-266,188,A0A511KCH6,Fungi,True
261,189,48,True,1.0,False,False,False,1,True,R1EAI7.1/23-118,189,R1EAI7,Fungi,False
262,191,24,False,1.0,False,True,False,2,True,A0A0C9U6U2.1/19-123,191,A0A0C9U6U2,Fungi,True
263,191,64,False,1.0,True,False,False,2,True,A0A0C9U6U2.1/19-123,191,A0A0C9U6U2,Fungi,True
264,191,78,False,1.0,False,True,False,1,True,A0A0C9U6U2.1/19-123,191,A0A0C9U6U2,Fungi,True
265,192,0,True,1.0,True,False,False,0,True,A0A0C3CYG0.1/53-152,192,A0A0C3CYG0,Fungi,True
266,192,23,False,1.0,False,True,False,2,True,A0A0C3CYG0.1/53-152,192,A0A0C3CYG0,Fungi,True
267,192,63,False,1.0,True,True,True,2,True,A0A0C3CYG0.1/53-152,192,A0A0C3CYG0,Fungi,True
268,192,70,True,1.0,True,False,False,2,True,A0A0C3CYG0.1/53-152,192,A0A0C3CYG0,Fungi,True
269,195,58,False,1.0,True,False,False,0,True,A0A3E2GUM1.1/51-145,195,A0A3E2GUM1,Fungi,True
270,196,23,False,1.0,False,True,False,2,True,A0A5E3X2G1.1/62-157,196,A0A5E3X2G1,Fungi,True
271,196,64,False,1.0,True,True,True,2,True,A0A5E3X2G1.1/62-157,196,A0A5E3X2G1,Fungi,True
272,197,66,False,1.0,False,False,False,2,True,A0A3M0W679.1/24-103,197,A0A3M0W679,Fungi,False
273,198,52,True,1.0,True,False,False,0,True,A0A0C3H1Q9.1/24-120,198,A0A0C3H1Q9,Fungi,True
274,199,26,False,1.0,True,False,False,0,True,A0A2D3UUH8.1/25-112,199,A0A2D3UUH8,Fungi,True
275,199,70,True,1.0,False,True,False,2,True,A0A2D3UUH8.1/25-112,199,A0A2D3UUH8,Fungi,True
276,201,8,False,1.0,True,False,False,0,True,A0A1Y2FYR7.1/196-282,201,A0A1Y2FYR7,Fungi,True
277,201,28,False,1.0,False,False,False,1,True,A0A1Y2FYR7.1/196-282,201,A0A1Y2FYR7,Fungi,False
278,201,65,False,1.0,False,True,False,0,True,A0A1Y2FYR7.1/196-282,201,A0A1Y2FYR7,Fungi,True
279,201,69,False,1.0,True,False,False,0,True,A0A1Y2FYR7.1/196-282,201,A0A1Y2FYR7,Fungi,True
280,202,3,False,1.0,True,False,False,0,True,A0A165XB58.1/67-159,202,A0A165XB58,Fungi,True
281,202,47,False,1.0,False,True,False,2,True,A0A165XB58.1/67-159,202,A0A165XB58,Fungi,True
282,203,48,True,0.2,False,False,False,1,True,W6YLE2.1/24-121,203,W6YLE2,Fungi,False
283,204,82,False,1.0,False,False,False,0,True,R1FGK4.1/404-488,204,R1FGK4,unknown,False
284,205,48,True,0.2,False,False,False,1,True,W7EU53.1/24-121,205,W7EU53,Fungi,False
285,206,23,False,1.0,False,True,False,2,True,A0A0C9TJT4.1/50-143,206,A0A0C9TJT4,Fungi,True
286,206,64,False,1.0,True,True,True,2,True,A0A0C9TJT4.1/50-143,206,A0A0C9TJT4,Fungi,True
287,206,70,False,1.0,True,True,True,2,True,A0A0C9TJT4.1/50-143,206,A0A0C9TJT4,Fungi,True
288,206,78,False,1.0,True,False,False,2,True,A0A0C9TJT4.1/50-143,206,A0A0C9TJT4,Fungi,True
289,207,74,False,0.5,False,False,False,1,True,H0EEU3.1/29-123,207,H0EEU3,Fungi,False
290,209,3,False,1.0,True,False,False,0,True,A0A5C3L2I7.1/51-144,209,A0A5C3L2I7,Fungi,True
291,209,40,True,1.0,False,True,False,2,True,A0A5C3L2I7.1/51-144,209,A0A5C3L2I7,Fungi,True
292,209,79,False,1.0,True,True,True,2,True,A0A5C3L2I7.1/51-144,209,A0A5C3L2I7,Fungi,True
293,211,26,False,1.0,True,False,False,0,True,A0A178B7A2.1/51-157,211,A0A178B7A2,Fungi,True
294,212,82,False,1.0,False,False,False,2,True,K2RD86.1/91-197,212,K2RD86,Fungi,False
295,213,16,False,1.0,False,False,False,2,True,A0A1L7XUR4.1/22-117,213,A0A1L7XUR4,Fungi,False
296,213,51,False,1.0,False,False,False,1,True,A0A1L7XUR4.1/22-117,213,A0A1L7XUR4,Fungi,False
297,215,48,True,0.2,False,False,False,1,True,M2T330.1/23-121,215,M2T330,Fungi,False
