,index,exon_bs_aa,exon_bs_ins,exon_rew,last_ex_sym,next_ex_sym,both_ex_sym,intron_ph,phases_ok,uniprot_name,protein_index,uniprot_id,kingdom,any_exon_sym
0,1,59,False,1.0,False,False,False,1,True,A0A7R9A935.1/176-246,1,A0A7R9A935,Metazoa,False
1,9,61,False,1.0,True,False,False,0,True,A0A6A5L755.1/1081-1166,9,A0A6A5L755,Viridiplantae,True
2,12,51,False,1.0,True,True,True,0,True,B8C6L5.1/48-124,12,B8C6L5,unknown,True
3,13,19,False,1.0,True,False,False,0,True,A0A1Y9TMF5.1/23-99,13,A0A1Y9TMF5,unknown,True
4,13,31,True,1.0,False,False,False,2,True,A0A1Y9TMF5.1/23-99,13,A0A1Y9TMF5,unknown,False
5,14,6,False,1.0,False,False,False,1,True,A0A2P6VR10.1/516-590,14,A0A2P6VR10,Viridiplantae,False
6,14,34,False,1.0,False,False,False,2,True,A0A2P6VR10.1/516-590,14,A0A2P6VR10,Viridiplantae,False
7,17,10,False,1.0,False,False,False,1,True,E1ZTB1.1/2-79,17,E1ZTB1,Viridiplantae,False
8,17,37,False,1.0,False,False,False,2,True,E1ZTB1.1/2-79,17,E1ZTB1,Viridiplantae,False
9,19,46,False,1.0,True,True,True,0,True,L1JTH6.1/55-132,19,L1JTH6,unknown,True
10,22,35,False,1.0,False,True,False,1,True,I0YZ87.1/5-80,22,I0YZ87,Viridiplantae,True
11,22,56,False,1.0,True,True,True,1,True,I0YZ87.1/5-80,22,I0YZ87,Viridiplantae,True
12,23,10,False,0.5,False,False,False,1,True,A0A150G9T3.1/68-145,23,A0A150G9T3,Viridiplantae,False
13,23,37,False,0.5,False,False,False,2,True,A0A150G9T3.1/68-145,23,A0A150G9T3,Viridiplantae,False
14,24,10,False,0.5,False,False,False,1,True,A0A150GA09.1/68-145,24,A0A150GA09,Viridiplantae,False
15,24,37,False,0.5,False,False,False,2,True,A0A150GA09.1/68-145,24,A0A150GA09,Viridiplantae,False
16,25,4,False,1.0,True,True,True,0,True,R1FQX8.1/51-127,25,R1FQX8,unknown,True
17,26,10,False,1.0,False,False,False,1,True,A0A2V0P3P5.1/61-138,26,A0A2V0P3P5,Viridiplantae,False
18,26,31,True,1.0,False,False,False,2,True,A0A2V0P3P5.1/61-138,26,A0A2V0P3P5,Viridiplantae,False
19,26,52,False,1.0,False,False,False,1,True,A0A2V0P3P5.1/61-138,26,A0A2V0P3P5,Viridiplantae,False
20,27,10,False,0.5,False,False,False,1,True,A8J9G6.1/60-137,27,A8J9G6,Viridiplantae,False
21,27,37,False,0.5,False,False,False,2,True,A8J9G6.1/60-137,27,A8J9G6,Viridiplantae,False
22,28,10,False,0.5,False,False,False,1,True,P08197.2/60-137,28,P08197,Viridiplantae,False
23,28,37,False,0.5,False,False,False,2,True,P08197.2/60-137,28,P08197,Viridiplantae,False
24,30,45,False,1.0,True,True,True,0,True,K0T3B9.1/56-133,30,K0T3B9,unknown,True
25,31,4,False,1.0,False,False,False,2,True,A0A7J7Q153.1/259-336,31,A0A7J7Q153,Viridiplantae,False
26,31,37,False,1.0,False,False,False,0,True,A0A7J7Q153.1/259-336,31,A0A7J7Q153,Viridiplantae,False
27,31,59,False,1.0,False,False,False,1,True,A0A7J7Q153.1/259-336,31,A0A7J7Q153,Viridiplantae,False
28,32,10,False,1.0,False,False,False,1,True,A0A0D2MHD6.1/62-139,32,A0A0D2MHD6,Viridiplantae,False
29,32,31,False,1.0,False,False,False,2,True,A0A0D2MHD6.1/62-139,32,A0A0D2MHD6,Viridiplantae,False
30,32,37,False,1.0,False,False,False,0,True,A0A0D2MHD6.1/62-139,32,A0A0D2MHD6,Viridiplantae,False
31,32,52,False,1.0,False,False,False,1,True,A0A0D2MHD6.1/62-139,32,A0A0D2MHD6,Viridiplantae,False
32,33,0,True,1.0,True,False,False,1,True,A0A1Q9BZI9.1/315-390,33,A0A1Q9BZI9,unknown,True
33,33,9,False,1.0,False,False,False,2,True,A0A1Q9BZI9.1/315-390,33,A0A1Q9BZI9,unknown,False
34,33,30,False,1.0,False,True,False,1,True,A0A1Q9BZI9.1/315-390,33,A0A1Q9BZI9,unknown,True
35,33,37,False,1.0,True,False,False,1,True,A0A1Q9BZI9.1/315-390,33,A0A1Q9BZI9,unknown,True
36,33,58,False,1.0,False,True,False,0,True,A0A1Q9BZI9.1/315-390,33,A0A1Q9BZI9,unknown,True
37,35,10,False,1.0,False,False,False,1,True,A0A2P6TRE9.1/9-86,35,A0A2P6TRE9,Viridiplantae,False
38,35,37,False,1.0,False,False,False,2,True,A0A2P6TRE9.1/9-86,35,A0A2P6TRE9,Viridiplantae,False
39,36,10,False,0.5,False,False,False,1,True,A9ZPL7.1/80-157,36,A9ZPL7,Viridiplantae,False
40,36,37,False,0.5,False,False,False,2,True,A9ZPL7.1/80-157,36,A9ZPL7,Viridiplantae,False
41,37,10,False,0.5,False,False,False,1,True,A9ZPL6.1/81-158,37,A9ZPL6,Viridiplantae,False
42,37,37,False,0.5,False,False,False,2,True,A9ZPL6.1/81-158,37,A9ZPL6,Viridiplantae,False
43,38,4,False,1.0,True,True,True,2,True,A0A1Q9CD48.1/610-685,38,A0A1Q9CD48,unknown,True
44,38,30,False,1.0,True,False,False,2,True,A0A1Q9CD48.1/610-685,38,A0A1Q9CD48,unknown,True
45,38,31,True,1.0,False,False,False,0,True,A0A1Q9CD48.1/610-685,38,A0A1Q9CD48,unknown,False
46,38,31,True,1.0,False,False,False,2,True,A0A1Q9CD48.1/610-685,38,A0A1Q9CD48,unknown,False
47,38,53,False,1.0,False,False,False,1,True,A0A1Q9CD48.1/610-685,38,A0A1Q9CD48,unknown,False
48,39,6,False,1.0,True,True,True,0,True,A0A7R8WNC9.1/69-139,39,A0A7R8WNC9,Metazoa,True
49,41,1,False,1.0,False,True,False,2,True,A0A445DH76.1/74-134,41,A0A445DH76,Viridiplantae,True
50,41,30,False,1.0,True,False,False,2,True,A0A445DH76.1/74-134,41,A0A445DH76,Viridiplantae,True
51,43,10,False,1.0,False,False,False,1,True,A0A2P6TRF7.1/9-98,43,A0A2P6TRF7,Viridiplantae,False
52,43,37,False,1.0,False,False,False,2,True,A0A2P6TRF7.1/9-98,43,A0A2P6TRF7,Viridiplantae,False
53,44,0,True,1.0,False,False,False,2,True,A0A150GYL4.1/65-151,44,A0A150GYL4,Viridiplantae,False
54,44,17,True,1.0,False,False,False,0,True,A0A150GYL4.1/65-151,44,A0A150GYL4,Viridiplantae,False
55,44,54,False,1.0,False,False,False,1,True,A0A150GYL4.1/65-151,44,A0A150GYL4,Viridiplantae,False
56,45,17,False,1.0,False,False,False,0,True,D8UFK0.1/71-152,45,D8UFK0,Viridiplantae,False
57,45,54,False,1.0,False,False,False,1,True,D8UFK0.1/71-152,45,D8UFK0,Viridiplantae,False
58,46,20,True,1.0,False,True,False,2,True,W5C7E9.1/74-158,46,W5C7E9,Viridiplantae,True
59,46,25,False,1.0,True,False,False,2,True,W5C7E9.1/74-158,46,W5C7E9,Viridiplantae,True
60,46,46,False,1.0,False,False,False,1,True,W5C7E9.1/74-158,46,W5C7E9,Viridiplantae,False
61,47,20,True,1.0,True,True,True,0,True,A0A0D2MJ33.1/10-97,47,A0A0D2MJ33,Viridiplantae,True
62,47,44,False,1.0,True,True,True,0,True,A0A0D2MJ33.1/10-97,47,A0A0D2MJ33,Viridiplantae,True
63,49,11,False,1.0,False,False,False,1,True,A0A2K3CUH7.1/74-158,49,A0A2K3CUH7,Viridiplantae,False
64,49,27,False,1.0,False,False,False,0,True,A0A2K3CUH7.1/74-158,49,A0A2K3CUH7,Viridiplantae,False
65,49,46,True,1.0,False,False,False,2,True,A0A2K3CUH7.1/74-158,49,A0A2K3CUH7,Viridiplantae,False
66,52,1,False,1.0,True,False,False,0,True,V4TN82.1/44-109,52,V4TN82,Viridiplantae,True
67,52,20,True,1.0,False,False,False,1,True,V4TN82.1/44-109,52,V4TN82,Viridiplantae,False
68,52,25,False,1.0,False,True,False,2,True,V4TN82.1/44-109,52,V4TN82,Viridiplantae,True
69,53,20,True,1.0,False,True,False,2,True,A0A067KN74.1/68-135,53,A0A067KN74,Viridiplantae,True
70,53,25,False,1.0,True,False,False,2,True,A0A067KN74.1/68-135,53,A0A067KN74,Viridiplantae,True
71,53,46,False,1.0,False,False,False,1,True,A0A067KN74.1/68-135,53,A0A067KN74,Viridiplantae,False
72,54,20,True,0.5,False,True,False,2,True,A0A2P5B9W6.1/69-134,54,A0A2P5B9W6,Viridiplantae,True
73,54,25,False,0.5,True,False,False,2,True,A0A2P5B9W6.1/69-134,54,A0A2P5B9W6,Viridiplantae,True
74,54,46,False,0.5,False,False,False,1,True,A0A2P5B9W6.1/69-134,54,A0A2P5B9W6,Viridiplantae,False
75,55,11,False,1.0,False,False,False,2,True,A0A1X6PHF5.1/75-152,55,A0A1X6PHF5,unknown,False
76,55,42,False,1.0,False,False,False,1,True,A0A1X6PHF5.1/75-152,55,A0A1X6PHF5,unknown,False
77,56,20,True,1.0,False,True,False,2,True,A0A2P6Q751.1/23-88,56,A0A2P6Q751,Viridiplantae,True
78,56,30,False,1.0,True,False,False,2,True,A0A2P6Q751.1/23-88,56,A0A2P6Q751,Viridiplantae,True
79,56,46,False,1.0,False,False,False,1,True,A0A2P6Q751.1/23-88,56,A0A2P6Q751,Viridiplantae,False
80,57,20,True,1.0,False,True,False,2,True,A0A7J7N8S8.1/61-133,57,A0A7J7N8S8,Viridiplantae,True
81,57,30,False,1.0,True,False,False,2,True,A0A7J7N8S8.1/61-133,57,A0A7J7N8S8,Viridiplantae,True
82,57,46,False,1.0,False,False,False,1,True,A0A7J7N8S8.1/61-133,57,A0A7J7N8S8,Viridiplantae,False
83,58,9,False,0.5,False,True,False,2,True,A0A2P5DMB9.1/69-133,58,A0A2P5DMB9,Viridiplantae,True
84,58,32,False,0.5,True,False,False,2,True,A0A2P5DMB9.1/69-133,58,A0A2P5DMB9,Viridiplantae,True
85,59,5,False,1.0,False,False,False,1,True,A0A0A0KPD1.1/57-121,59,A0A0A0KPD1,Viridiplantae,False
86,59,17,False,1.0,False,True,False,2,True,A0A0A0KPD1.1/57-121,59,A0A0A0KPD1,Viridiplantae,True
87,59,41,False,1.0,True,False,False,2,True,A0A0A0KPD1.1/57-121,59,A0A0A0KPD1,Viridiplantae,True
88,60,8,False,1.0,False,True,False,2,True,A0A2G5D2P0.1/70-135,60,A0A2G5D2P0,Viridiplantae,True
89,60,31,True,1.0,True,False,False,2,True,A0A2G5D2P0.1/70-135,60,A0A2G5D2P0,Viridiplantae,True
90,61,13,False,1.0,False,False,False,2,True,L1IVV4.1/24-104,61,L1IVV4,unknown,False
91,61,38,False,1.0,False,False,False,0,True,L1IVV4.1/24-104,61,L1IVV4,unknown,False
92,62,19,True,1.0,False,True,False,2,True,A0A6D2LCD6.1/73-138,62,A0A6D2LCD6,Viridiplantae,True
93,62,30,False,1.0,True,False,False,2,True,A0A6D2LCD6.1/73-138,62,A0A6D2LCD6,Viridiplantae,True
94,62,46,False,1.0,False,False,False,1,True,A0A6D2LCD6.1/73-138,62,A0A6D2LCD6,Viridiplantae,False
95,63,2,False,1.0,False,True,False,2,True,V4LIK1.1/73-138,63,V4LIK1,Viridiplantae,True
96,63,31,False,1.0,True,False,False,2,True,V4LIK1.1/73-138,63,V4LIK1,Viridiplantae,True
97,64,20,True,1.0,False,True,False,2,True,A0A7J6GC35.1/66-130,64,A0A7J6GC35,Viridiplantae,True
98,64,25,False,1.0,True,False,False,2,True,A0A7J6GC35.1/66-130,64,A0A7J6GC35,Viridiplantae,True
99,64,46,False,1.0,False,False,False,1,True,A0A7J6GC35.1/66-130,64,A0A7J6GC35,Viridiplantae,False
100,65,20,True,1.0,False,True,False,2,True,R0EU57.1/74-139,65,R0EU57,Viridiplantae,True
101,65,30,False,1.0,True,False,False,2,True,R0EU57.1/74-139,65,R0EU57,Viridiplantae,True
102,65,46,False,1.0,False,False,False,1,True,R0EU57.1/74-139,65,R0EU57,Viridiplantae,False
103,66,19,True,0.2,False,True,False,2,True,A0A251PM54.1/71-135,66,A0A251PM54,Viridiplantae,True
104,66,30,False,0.2,True,False,False,2,True,A0A251PM54.1/71-135,66,A0A251PM54,Viridiplantae,True
105,66,46,False,0.2,False,False,False,1,True,A0A251PM54.1/71-135,66,A0A251PM54,Viridiplantae,False
106,67,20,True,1.0,False,True,False,2,True,A0A7J6W8I6.1/68-132,67,A0A7J6W8I6,Viridiplantae,True
107,67,30,False,1.0,True,False,False,2,True,A0A7J6W8I6.1/68-132,67,A0A7J6W8I6,Viridiplantae,True
108,67,46,False,1.0,False,False,False,1,True,A0A7J6W8I6.1/68-132,67,A0A7J6W8I6,Viridiplantae,False
109,68,20,True,1.0,False,True,False,2,True,A0A068URU9.1/74-139,68,A0A068URU9,Viridiplantae,True
110,68,25,False,1.0,True,False,False,2,True,A0A068URU9.1/74-139,68,A0A068URU9,Viridiplantae,True
111,68,46,False,1.0,False,False,False,1,True,A0A068URU9.1/74-139,68,A0A068URU9,Viridiplantae,False
112,69,20,True,1.0,False,True,False,2,True,A0A7J7C5T9.1/73-137,69,A0A7J7C5T9,Viridiplantae,True
113,69,25,False,1.0,True,False,False,2,True,A0A7J7C5T9.1/73-137,69,A0A7J7C5T9,Viridiplantae,True
114,69,46,False,1.0,False,False,False,1,True,A0A7J7C5T9.1/73-137,69,A0A7J7C5T9,Viridiplantae,False
115,70,1,False,0.3333333333333333,False,True,False,2,True,A0A5S9YBQ0.1/74-139,70,A0A5S9YBQ0,Viridiplantae,True
116,70,30,False,0.3333333333333333,True,False,False,2,True,A0A5S9YBQ0.1/74-139,70,A0A5S9YBQ0,Viridiplantae,True
117,72,0,False,0.3333333333333333,False,True,False,2,True,D7MKW8.1/75-140,72,D7MKW8,Viridiplantae,True
118,72,29,False,0.3333333333333333,True,False,False,2,True,D7MKW8.1/75-140,72,D7MKW8,Viridiplantae,True
119,73,8,False,0.5,False,False,False,2,True,M2XWU7.1/279-353,73,M2XWU7,unknown,False
120,74,20,True,1.0,False,True,False,2,True,A0A0Q3JUC0.1/78-162,74,A0A0Q3JUC0,Viridiplantae,True
121,74,30,False,1.0,True,False,False,2,True,A0A0Q3JUC0.1/78-162,74,A0A0Q3JUC0,Viridiplantae,True
122,74,46,False,1.0,False,False,False,1,True,A0A0Q3JUC0.1/78-162,74,A0A0Q3JUC0,Viridiplantae,False
123,75,4,False,1.0,False,False,False,1,True,A0A1Q9ENE1.1/368-443,75,A0A1Q9ENE1,unknown,False
124,75,20,True,1.0,False,False,False,0,True,A0A1Q9ENE1.1/368-443,75,A0A1Q9ENE1,unknown,False
125,75,31,True,1.0,False,False,False,2,True,A0A1Q9ENE1.1/368-443,75,A0A1Q9ENE1,unknown,False
126,75,45,False,1.0,False,False,False,0,True,A0A1Q9ENE1.1/368-443,75,A0A1Q9ENE1,unknown,False
127,75,62,False,1.0,False,False,False,1,True,A0A1Q9ENE1.1/368-443,75,A0A1Q9ENE1,unknown,False
128,76,25,False,1.0,True,False,False,2,True,A0A059C653.1/80-146,76,A0A059C653,Viridiplantae,True
129,77,20,True,0.5,False,True,False,2,True,A0A6A1WT05.1/23-87,77,A0A6A1WT05,Viridiplantae,True
130,77,30,False,0.5,True,False,False,2,True,A0A6A1WT05.1/23-87,77,A0A6A1WT05,Viridiplantae,True
131,77,46,False,0.5,False,False,False,1,True,A0A6A1WT05.1/23-87,77,A0A6A1WT05,Viridiplantae,False
132,78,63,False,1.0,True,True,True,0,True,B7PH97.1/443-502,78,B7PH97,Metazoa,True
133,79,20,True,0.25,False,True,False,2,True,A5BPG9.1/22-88,79,A5BPG9,Viridiplantae,True
134,79,25,False,0.25,True,False,False,2,True,A5BPG9.1/22-88,79,A5BPG9,Viridiplantae,True
135,79,46,False,0.25,False,False,False,1,True,A5BPG9.1/22-88,79,A5BPG9,Viridiplantae,False
136,80,7,False,1.0,False,True,False,2,True,A2Q293.1/70-135,80,A2Q293,Viridiplantae,True
137,80,31,True,1.0,True,False,False,2,True,A2Q293.1/70-135,80,A2Q293,Viridiplantae,True
138,81,20,True,0.3333333333333333,False,True,False,2,True,A0A1U8FS80.1/79-143,81,A0A1U8FS80,Viridiplantae,True
139,81,25,False,0.3333333333333333,True,False,False,2,True,A0A1U8FS80.1/79-143,81,A0A1U8FS80,Viridiplantae,True
140,81,46,False,0.3333333333333333,False,False,False,1,True,A0A1U8FS80.1/79-143,81,A0A1U8FS80,Viridiplantae,False
141,82,19,True,0.2,False,True,False,2,True,A0A5E4F3P5.1/72-135,82,A0A5E4F3P5,Viridiplantae,True
142,82,30,False,0.2,True,False,False,2,True,A0A5E4F3P5.1/72-135,82,A0A5E4F3P5,Viridiplantae,True
143,82,46,False,0.2,False,False,False,1,True,A0A5E4F3P5.1/72-135,82,A0A5E4F3P5,Viridiplantae,False
144,83,20,True,1.0,False,True,False,2,True,A0A2Z6PLE0.1/74-140,83,A0A2Z6PLE0,Viridiplantae,True
145,83,25,False,1.0,True,False,False,2,True,A0A2Z6PLE0.1/74-140,83,A0A2Z6PLE0,Viridiplantae,True
146,83,46,False,1.0,False,False,False,1,True,A0A2Z6PLE0.1/74-140,83,A0A2Z6PLE0,Viridiplantae,False
147,85,8,False,1.0,False,True,False,2,True,A0A6A3BJR9.1/69-134,85,A0A6A3BJR9,Viridiplantae,True
148,85,31,True,1.0,True,False,False,2,True,A0A6A3BJR9.1/69-134,85,A0A6A3BJR9,Viridiplantae,True
149,86,20,True,0.3333333333333333,True,False,False,2,True,A0A2T7EXI8.1/84-148,86,A0A2T7EXI8,Viridiplantae,True
150,87,20,True,1.0,True,False,False,0,True,A0A199VQG4.1/14-78,87,A0A199VQG4,Viridiplantae,True
151,87,25,False,1.0,False,False,False,2,True,A0A199VQG4.1/14-78,87,A0A199VQG4,Viridiplantae,False
152,87,46,False,1.0,False,False,False,1,True,A0A199VQG4.1/14-78,87,A0A199VQG4,Viridiplantae,False
153,88,8,False,1.0,False,False,False,2,True,A0A067GCH5.1/69-134,88,A0A067GCH5,Viridiplantae,False
154,89,2,False,1.0,False,True,False,2,True,A0A5P1F8Y5.1/75-140,89,A0A5P1F8Y5,Viridiplantae,True
155,89,31,False,1.0,True,False,False,2,True,A0A5P1F8Y5.1/75-140,89,A0A5P1F8Y5,Viridiplantae,True
156,90,20,True,1.0,False,True,False,2,True,A0A1J6JGW9.1/80-144,90,A0A1J6JGW9,Viridiplantae,True
157,90,25,False,1.0,True,False,False,2,True,A0A1J6JGW9.1/80-144,90,A0A1J6JGW9,Viridiplantae,True
158,90,46,False,1.0,False,False,False,1,True,A0A1J6JGW9.1/80-144,90,A0A1J6JGW9,Viridiplantae,False
159,91,20,True,0.3333333333333333,False,True,False,2,True,D7MKY9.1/75-140,91,D7MKY9,Viridiplantae,True
160,91,30,False,0.3333333333333333,True,False,False,2,True,D7MKY9.1/75-140,91,D7MKY9,Viridiplantae,True
161,91,46,False,0.3333333333333333,False,False,False,1,True,D7MKY9.1/75-140,91,D7MKY9,Viridiplantae,False
162,92,20,True,0.3333333333333333,True,False,False,2,True,A0A3L6TE25.1/84-148,92,A0A3L6TE25,Viridiplantae,True
163,93,9,False,0.5,False,True,False,2,True,A0A0L9TMU8.1/69-133,93,A0A0L9TMU8,Viridiplantae,True
164,93,32,False,0.5,True,False,False,2,True,A0A0L9TMU8.1/69-133,93,A0A0L9TMU8,Viridiplantae,True
165,94,20,True,0.5,False,True,False,2,True,A0A0S3R2L9.1/69-133,94,A0A0S3R2L9,Viridiplantae,True
166,94,30,False,0.5,True,False,False,2,True,A0A0S3R2L9.1/69-133,94,A0A0S3R2L9,Viridiplantae,True
167,94,46,False,0.5,False,False,False,1,True,A0A0S3R2L9.1/69-133,94,A0A0S3R2L9,Viridiplantae,False
168,95,20,False,0.08333333333333333,True,False,False,0,True,A0A0D2SUD7.1/26-91,95,A0A0D2SUD7,Viridiplantae,True
169,95,31,True,0.08333333333333333,False,False,False,1,True,A0A0D2SUD7.1/26-91,95,A0A0D2SUD7,Viridiplantae,False
170,95,42,False,0.08333333333333333,False,True,False,2,True,A0A0D2SUD7.1/26-91,95,A0A0D2SUD7,Viridiplantae,True
171,96,3,False,0.3333333333333333,False,True,False,2,True,A0A2S3H3R8.1/84-148,96,A0A2S3H3R8,Viridiplantae,True
172,96,24,False,0.3333333333333333,True,False,False,2,True,A0A2S3H3R8.1/84-148,96,A0A2S3H3R8,Viridiplantae,True
173,97,20,True,0.5,False,True,False,2,True,A0A2R4QNJ1.1/86-150,97,A0A2R4QNJ1,Viridiplantae,True
174,97,25,False,0.5,True,False,False,2,True,A0A2R4QNJ1.1/86-150,97,A0A2R4QNJ1,Viridiplantae,True
175,97,46,False,0.5,False,False,False,1,True,A0A2R4QNJ1.1/86-150,97,A0A2R4QNJ1,Viridiplantae,False
176,98,19,False,0.5,True,False,False,2,True,C5XBN6.1/88-152,98,C5XBN6,Viridiplantae,True
177,99,5,False,1.0,False,True,False,2,True,A0A2I4E1H5.2/74-138,99,A0A2I4E1H5,Viridiplantae,True
178,99,31,True,1.0,True,False,False,2,True,A0A2I4E1H5.2/74-138,99,A0A2I4E1H5,Viridiplantae,True
179,100,7,False,0.3333333333333333,False,True,False,2,True,A0A540MI36.1/71-156,100,A0A540MI36,Viridiplantae,True
180,100,31,True,0.3333333333333333,True,False,False,2,True,A0A540MI36.1/71-156,100,A0A540MI36,Viridiplantae,True
181,100,62,False,0.3333333333333333,False,False,False,1,True,A0A540MI36.1/71-156,100,A0A540MI36,Viridiplantae,False
182,101,7,False,0.3333333333333333,False,True,False,2,True,A0A5N5IB41.1/71-156,101,A0A5N5IB41,Viridiplantae,True
183,101,31,True,0.3333333333333333,True,False,False,2,True,A0A5N5IB41.1/71-156,101,A0A5N5IB41,Viridiplantae,True
184,101,62,False,0.3333333333333333,False,False,False,1,True,A0A5N5IB41.1/71-156,101,A0A5N5IB41,Viridiplantae,False
185,102,5,False,1.0,False,True,False,2,True,A0A5C7GUU5.1/72-137,102,A0A5C7GUU5,Viridiplantae,True
186,102,31,True,1.0,True,False,False,2,True,A0A5C7GUU5.1/72-137,102,A0A5C7GUU5,Viridiplantae,True
187,103,26,False,1.0,False,False,False,2,True,A0A7I8JJX4.1/80-153,103,A0A7I8JJX4,Viridiplantae,False
188,103,46,False,1.0,False,True,False,0,True,A0A7I8JJX4.1/80-153,103,A0A7I8JJX4,Viridiplantae,True
189,104,28,False,1.0,True,False,False,0,True,A0A6G1CZ97.1/16-79,104,A0A6G1CZ97,Viridiplantae,True
190,104,43,False,1.0,False,False,False,1,True,A0A6G1CZ97.1/16-79,104,A0A6G1CZ97,Viridiplantae,False
191,104,54,False,1.0,False,True,False,2,True,A0A6G1CZ97.1/16-79,104,A0A6G1CZ97,Viridiplantae,True
192,105,20,True,0.3333333333333333,True,False,False,2,True,A0A4U6VZ91.1/84-148,105,A0A4U6VZ91,Viridiplantae,True
193,106,20,True,0.3333333333333333,True,False,False,2,True,K3ZX80.1/84-148,106,K3ZX80,Viridiplantae,True
194,107,18,False,1.0,False,False,False,1,True,A0A7J7GXB1.1/49-114,107,A0A7J7GXB1,Viridiplantae,False
195,107,20,True,1.0,False,True,False,2,True,A0A7J7GXB1.1/49-114,107,A0A7J7GXB1,Viridiplantae,True
196,107,51,False,1.0,True,False,False,2,True,A0A7J7GXB1.1/49-114,107,A0A7J7GXB1,Viridiplantae,True
197,108,19,True,1.0,True,True,True,2,True,A0A7I8LAI5.1/96-180,108,A0A7I8LAI5,Viridiplantae,True
198,108,30,False,1.0,True,False,False,2,True,A0A7I8LAI5.1/96-180,108,A0A7I8LAI5,Viridiplantae,True
199,108,46,False,1.0,False,False,False,1,True,A0A7I8LAI5.1/96-180,108,A0A7I8LAI5,Viridiplantae,False
200,109,20,True,1.0,False,True,False,2,True,A0A061GDA8.1/69-134,109,A0A061GDA8,Viridiplantae,True
201,109,30,False,1.0,True,False,False,2,True,A0A061GDA8.1/69-134,109,A0A061GDA8,Viridiplantae,True
202,109,46,False,1.0,False,False,False,1,True,A0A061GDA8.1/69-134,109,A0A061GDA8,Viridiplantae,False
203,110,12,False,1.0,False,False,False,1,True,A0A4P1RFX3.1/55-119,110,A0A4P1RFX3,Viridiplantae,False
204,110,20,True,1.0,False,True,False,2,True,A0A4P1RFX3.1/55-119,110,A0A4P1RFX3,Viridiplantae,True
205,110,46,False,1.0,True,False,False,2,True,A0A4P1RFX3.1/55-119,110,A0A4P1RFX3,Viridiplantae,True
206,111,5,False,0.5,False,True,False,2,True,A0A6N2KWF6.1/72-137,111,A0A6N2KWF6,Viridiplantae,True
207,111,31,True,0.5,True,False,False,2,True,A0A6N2KWF6.1/72-137,111,A0A6N2KWF6,Viridiplantae,True
208,112,20,True,0.5,False,True,False,2,True,A0A5N5K2W3.1/72-137,112,A0A5N5K2W3,Viridiplantae,True
209,112,30,False,0.5,True,False,False,2,True,A0A5N5K2W3.1/72-137,112,A0A5N5K2W3,Viridiplantae,True
210,112,46,False,0.5,False,False,False,1,True,A0A5N5K2W3.1/72-137,112,A0A5N5K2W3,Viridiplantae,False
211,113,20,True,0.3333333333333333,False,True,False,2,True,A0A2G2XCW7.1/79-143,113,A0A2G2XCW7,Viridiplantae,True
212,113,25,False,0.3333333333333333,True,False,False,2,True,A0A2G2XCW7.1/79-143,113,A0A2G2XCW7,Viridiplantae,True
213,113,46,False,0.3333333333333333,False,False,False,1,True,A0A2G2XCW7.1/79-143,113,A0A2G2XCW7,Viridiplantae,False
214,114,20,True,1.0,False,True,False,2,True,A0A2N9GCR3.1/73-137,114,A0A2N9GCR3,Viridiplantae,True
215,114,30,False,1.0,True,False,False,2,True,A0A2N9GCR3.1/73-137,114,A0A2N9GCR3,Viridiplantae,True
216,114,46,False,1.0,False,False,False,1,True,A0A2N9GCR3.1/73-137,114,A0A2N9GCR3,Viridiplantae,False
217,115,20,True,0.25,False,True,False,2,True,A0A438JE06.1/70-135,115,A0A438JE06,Viridiplantae,True
218,115,25,False,0.25,True,False,False,2,True,A0A438JE06.1/70-135,115,A0A438JE06,Viridiplantae,True
219,115,46,False,0.25,False,False,False,1,True,A0A438JE06.1/70-135,115,A0A438JE06,Viridiplantae,False
220,116,7,False,0.25,False,True,False,2,True,D7T9J4.1/70-135,116,D7T9J4,Viridiplantae,True
221,116,30,True,0.25,True,False,False,2,True,D7T9J4.1/70-135,116,D7T9J4,Viridiplantae,True
222,117,20,True,0.2,False,True,False,2,True,A0A6J5UL99.1/71-135,117,A0A6J5UL99,Viridiplantae,True
223,117,30,False,0.2,True,False,False,2,True,A0A6J5UL99.1/71-135,117,A0A6J5UL99,Viridiplantae,True
224,117,46,False,0.2,False,False,False,1,True,A0A6J5UL99.1/71-135,117,A0A6J5UL99,Viridiplantae,False
225,118,14,False,0.3333333333333333,False,False,False,1,True,A0A178UJI3.1/50-115,118,A0A178UJI3,Viridiplantae,False
226,118,22,False,0.3333333333333333,False,False,False,2,True,A0A178UJI3.1/50-115,118,A0A178UJI3,Viridiplantae,False
227,119,7,False,0.5,False,True,False,2,True,A0A6A1WTM4.1/74-138,119,A0A6A1WTM4,Viridiplantae,True
228,119,31,True,0.5,True,False,False,2,True,A0A6A1WTM4.1/74-138,119,A0A6A1WTM4,Viridiplantae,True
229,120,8,False,1.0,False,True,False,2,True,A0A371FWL3.1/69-134,120,A0A371FWL3,Viridiplantae,True
230,120,31,True,1.0,True,False,False,2,True,A0A371FWL3.1/69-134,120,A0A371FWL3,Viridiplantae,True
231,121,20,True,1.0,False,True,False,2,True,A0A3N7HV82.1/107-171,121,A0A3N7HV82,Viridiplantae,True
232,121,30,False,1.0,True,False,False,2,True,A0A3N7HV82.1/107-171,121,A0A3N7HV82,Viridiplantae,True
233,121,46,False,1.0,False,False,False,1,True,A0A3N7HV82.1/107-171,121,A0A3N7HV82,Viridiplantae,False
234,122,20,True,1.0,False,True,False,2,True,A0A166IZX4.1/55-120,122,A0A166IZX4,Viridiplantae,True
235,122,25,False,1.0,True,False,False,2,True,A0A166IZX4.1/55-120,122,A0A166IZX4,Viridiplantae,True
236,122,46,False,1.0,False,False,False,1,True,A0A166IZX4.1/55-120,122,A0A166IZX4,Viridiplantae,False
237,123,20,True,0.2,False,True,False,2,True,A0A6J5WZ72.1/71-135,123,A0A6J5WZ72,Viridiplantae,True
238,123,30,False,0.2,True,False,False,2,True,A0A6J5WZ72.1/71-135,123,A0A6J5WZ72,Viridiplantae,True
239,123,46,False,0.2,False,False,False,1,True,A0A6J5WZ72.1/71-135,123,A0A6J5WZ72,Viridiplantae,False
240,124,20,True,0.25,False,True,False,2,True,I1KM89.1/69-134,124,I1KM89,Viridiplantae,True
241,124,30,False,0.25,True,False,False,2,True,I1KM89.1/69-134,124,I1KM89,Viridiplantae,True
242,124,46,False,0.25,False,False,False,1,True,I1KM89.1/69-134,124,I1KM89,Viridiplantae,False
243,125,8,False,1.0,False,True,False,2,True,A0A151UAM7.1/69-134,125,A0A151UAM7,Viridiplantae,True
244,125,31,True,1.0,True,False,False,2,True,A0A151UAM7.1/69-134,125,A0A151UAM7,Viridiplantae,True
245,126,19,False,0.5,True,False,False,2,True,A2YMR7.1/87-150,126,A2YMR7,Viridiplantae,True
246,127,19,False,0.5,True,False,False,2,True,A3BL98.1/87-150,127,A3BL98,Viridiplantae,True
247,128,19,False,0.5,True,True,True,2,True,D8QZU8.1/165-252,128,D8QZU8,Viridiplantae,True
248,128,30,False,0.5,True,False,False,2,True,D8QZU8.1/165-252,128,D8QZU8,Viridiplantae,True
249,128,46,False,0.5,False,False,False,1,True,D8QZU8.1/165-252,128,D8QZU8,Viridiplantae,False
250,129,20,True,1.0,False,True,False,2,True,A0A5J5BRU3.1/78-143,129,A0A5J5BRU3,Viridiplantae,True
251,129,25,False,1.0,True,False,False,2,True,A0A5J5BRU3.1/78-143,129,A0A5J5BRU3,Viridiplantae,True
252,129,46,False,1.0,False,False,False,1,True,A0A5J5BRU3.1/78-143,129,A0A5J5BRU3,Viridiplantae,False
253,130,8,False,0.08333333333333333,False,True,False,2,True,A0A5D2C710.1/69-134,130,A0A5D2C710,Viridiplantae,True
254,130,31,True,0.08333333333333333,True,False,False,2,True,A0A5D2C710.1/69-134,130,A0A5D2C710,Viridiplantae,True
255,131,8,False,0.08333333333333333,False,True,False,2,True,A0A5D2UJV3.1/69-134,131,A0A5D2UJV3,Viridiplantae,True
256,131,31,True,0.08333333333333333,True,False,False,2,True,A0A5D2UJV3.1/69-134,131,A0A5D2UJV3,Viridiplantae,True
257,132,8,False,0.08333333333333333,False,True,False,2,True,A0A0D2UG51.1/69-134,132,A0A0D2UG51,Viridiplantae,True
258,132,31,True,0.08333333333333333,True,False,False,2,True,A0A0D2UG51.1/69-134,132,A0A0D2UG51,Viridiplantae,True
259,133,8,False,0.08333333333333333,False,True,False,2,True,A0A5D2KJR7.1/69-134,133,A0A5D2KJR7,Viridiplantae,True
260,133,31,True,0.08333333333333333,True,False,False,2,True,A0A5D2KJR7.1/69-134,133,A0A5D2KJR7,Viridiplantae,True
261,134,8,False,0.08333333333333333,False,True,False,2,True,A0A5J5R2S0.1/69-134,134,A0A5J5R2S0,Viridiplantae,True
262,134,31,True,0.08333333333333333,True,False,False,2,True,A0A5J5R2S0.1/69-134,134,A0A5J5R2S0,Viridiplantae,True
263,135,8,False,0.08333333333333333,False,True,False,2,True,A0A0B0MWL8.1/69-134,135,A0A0B0MWL8,Viridiplantae,True
264,135,31,True,0.08333333333333333,True,False,False,2,True,A0A0B0MWL8.1/69-134,135,A0A0B0MWL8,Viridiplantae,True
265,136,20,True,0.08333333333333333,False,True,False,2,True,A0A2P5YSI2.1/69-134,136,A0A2P5YSI2,Viridiplantae,True
266,136,30,False,0.08333333333333333,True,False,False,2,True,A0A2P5YSI2.1/69-134,136,A0A2P5YSI2,Viridiplantae,True
267,136,46,False,0.08333333333333333,False,False,False,1,True,A0A2P5YSI2.1/69-134,136,A0A2P5YSI2,Viridiplantae,False
268,137,20,True,0.08333333333333333,False,True,False,2,True,A0A5D2G6Z0.1/69-134,137,A0A5D2G6Z0,Viridiplantae,True
269,137,30,False,0.08333333333333333,True,False,False,2,True,A0A5D2G6Z0.1/69-134,137,A0A5D2G6Z0,Viridiplantae,True
270,137,46,False,0.08333333333333333,False,False,False,1,True,A0A5D2G6Z0.1/69-134,137,A0A5D2G6Z0,Viridiplantae,False
271,138,20,True,0.08333333333333333,False,True,False,2,True,A0A5D2Q4P4.1/69-134,138,A0A5D2Q4P4,Viridiplantae,True
272,138,30,False,0.08333333333333333,True,False,False,2,True,A0A5D2Q4P4.1/69-134,138,A0A5D2Q4P4,Viridiplantae,True
273,138,46,False,0.08333333333333333,False,False,False,1,True,A0A5D2Q4P4.1/69-134,138,A0A5D2Q4P4,Viridiplantae,False
274,139,20,True,0.08333333333333333,False,True,False,2,True,A0A5D2YYC9.1/69-134,139,A0A5D2YYC9,Viridiplantae,True
275,139,30,False,0.08333333333333333,True,False,False,2,True,A0A5D2YYC9.1/69-134,139,A0A5D2YYC9,Viridiplantae,True
276,139,46,False,0.08333333333333333,False,False,False,1,True,A0A5D2YYC9.1/69-134,139,A0A5D2YYC9,Viridiplantae,False
277,140,20,True,0.3333333333333333,False,True,False,2,True,A0A1E5USQ8.1/83-147,140,A0A1E5USQ8,Viridiplantae,True
278,140,25,False,0.3333333333333333,True,False,False,2,True,A0A1E5USQ8.1/83-147,140,A0A1E5USQ8,Viridiplantae,True
279,140,46,False,0.3333333333333333,False,False,False,1,True,A0A1E5USQ8.1/83-147,140,A0A1E5USQ8,Viridiplantae,False
280,142,20,True,0.25,False,True,False,2,True,A0A445K016.1/81-146,142,A0A445K016,Viridiplantae,True
281,142,30,False,0.25,True,False,False,2,True,A0A445K016.1/81-146,142,A0A445K016,Viridiplantae,True
282,142,46,False,0.25,False,False,False,1,True,A0A445K016.1/81-146,142,A0A445K016,Viridiplantae,False
283,143,20,True,1.0,False,True,False,2,True,A0A0K9P7D9.1/57-119,143,A0A0K9P7D9,Viridiplantae,True
284,143,25,False,1.0,True,False,False,2,True,A0A0K9P7D9.1/57-119,143,A0A0K9P7D9,Viridiplantae,True
285,143,46,False,1.0,False,False,False,1,True,A0A0K9P7D9.1/57-119,143,A0A0K9P7D9,Viridiplantae,False
286,144,20,True,1.0,False,True,False,2,True,A0A443NTV3.1/65-131,144,A0A443NTV3,Viridiplantae,True
287,144,25,False,1.0,True,False,False,2,True,A0A443NTV3.1/65-131,144,A0A443NTV3,Viridiplantae,True
288,144,46,False,1.0,False,False,False,1,True,A0A443NTV3.1/65-131,144,A0A443NTV3,Viridiplantae,False
289,145,30,False,1.0,True,True,True,1,True,S8CW21.1/31-95,145,S8CW21,Viridiplantae,True
290,145,46,False,1.0,True,False,False,1,True,S8CW21.1/31-95,145,S8CW21,Viridiplantae,True
291,146,20,True,1.0,False,True,False,2,True,A0A1R3H606.1/59-124,146,A0A1R3H606,Viridiplantae,True
292,146,30,False,1.0,True,False,False,2,True,A0A1R3H606.1/59-124,146,A0A1R3H606,Viridiplantae,True
293,146,46,False,1.0,False,False,False,1,True,A0A1R3H606.1/59-124,146,A0A1R3H606,Viridiplantae,False
294,147,11,False,0.5,False,True,False,0,True,D8TC40.1/196-283,147,D8TC40,Viridiplantae,True
295,148,2,False,0.2,False,True,False,2,True,A0A078GMF4.1/73-138,148,A0A078GMF4,Viridiplantae,True
296,148,31,False,0.2,True,False,False,2,True,A0A078GMF4.1/73-138,148,A0A078GMF4,Viridiplantae,True
297,149,6,False,1.0,False,False,False,2,True,A0A2K3PI59.1/365-429,149,A0A2K3PI59,Viridiplantae,False
298,149,24,False,1.0,False,True,False,1,True,A0A2K3PI59.1/365-429,149,A0A2K3PI59,Viridiplantae,True
299,150,11,False,1.0,False,False,False,1,True,A0A383VZH1.1/72-158,150,A0A383VZH1,Viridiplantae,False
300,150,46,True,1.0,False,False,False,2,True,A0A383VZH1.1/72-158,150,A0A383VZH1,Viridiplantae,False
301,151,6,False,1.0,False,False,False,2,True,A0A250WTU4.1/77-140,151,A0A250WTU4,Viridiplantae,False
302,152,4,False,1.0,True,False,False,2,True,A0A2R6P9J8.1/106-170,152,A0A2R6P9J8,Viridiplantae,True
303,152,36,False,1.0,False,False,False,1,True,A0A2R6P9J8.1/106-170,152,A0A2R6P9J8,Viridiplantae,False
304,153,20,True,1.0,False,True,False,2,True,A0A087GNZ2.1/73-138,153,A0A087GNZ2,Viridiplantae,True
305,153,30,False,1.0,True,False,False,2,True,A0A087GNZ2.1/73-138,153,A0A087GNZ2,Viridiplantae,True
306,153,46,False,1.0,False,False,False,1,True,A0A087GNZ2.1/73-138,153,A0A087GNZ2,Viridiplantae,False
307,154,30,False,1.0,False,True,False,1,True,A0A4V6A823.1/72-136,154,A0A4V6A823,Viridiplantae,True
308,155,2,False,0.2,False,True,False,2,True,A0A3P6DMA3.1/73-138,155,A0A3P6DMA3,Viridiplantae,True
309,155,31,False,0.2,True,False,False,2,True,A0A3P6DMA3.1/73-138,155,A0A3P6DMA3,Viridiplantae,True
310,156,8,False,1.0,False,True,False,2,True,V7CHW3.1/69-134,156,V7CHW3,Viridiplantae,True
311,156,31,True,1.0,True,False,False,2,True,V7CHW3.1/69-134,156,V7CHW3,Viridiplantae,True
312,157,7,False,0.2,False,True,False,2,True,A0A3P6DCP4.1/68-133,157,A0A3P6DCP4,Viridiplantae,True
313,157,31,True,0.2,True,False,False,2,True,A0A3P6DCP4.1/68-133,157,A0A3P6DCP4,Viridiplantae,True
314,158,2,False,0.2,False,True,False,2,True,A0A078HH29.1/73-138,158,A0A078HH29,Viridiplantae,True
315,158,31,False,0.2,True,False,False,2,True,A0A078HH29.1/73-138,158,A0A078HH29,Viridiplantae,True
316,159,2,False,0.2,False,True,False,2,True,A0A398AKA8.1/73-138,159,A0A398AKA8,Viridiplantae,True
317,159,31,False,0.2,True,False,False,2,True,A0A398AKA8.1/73-138,159,A0A398AKA8,Viridiplantae,True
318,160,20,True,1.0,False,True,False,2,True,A0A078HED0.1/76-141,160,A0A078HED0,Viridiplantae,True
319,160,30,False,1.0,True,False,False,2,True,A0A078HED0.1/76-141,160,A0A078HED0,Viridiplantae,True
320,160,46,False,1.0,False,False,False,1,True,A0A078HED0.1/76-141,160,A0A078HED0,Viridiplantae,False
321,162,19,False,1.0,True,True,True,0,True,A0A401TTN8.1/100-173,162,A0A401TTN8,Metazoa,True
322,163,20,True,1.0,False,False,False,1,True,W9SSG2.1/96-161,163,W9SSG2,Viridiplantae,False
323,163,25,False,1.0,False,False,False,2,True,W9SSG2.1/96-161,163,W9SSG2,Viridiplantae,False
324,163,46,False,1.0,False,False,False,1,True,W9SSG2.1/96-161,163,W9SSG2,Viridiplantae,False
325,164,20,True,1.0,False,True,False,2,True,A0A5A7PJW8.1/71-136,164,A0A5A7PJW8,Viridiplantae,True
326,164,25,False,1.0,True,False,False,2,True,A0A5A7PJW8.1/71-136,164,A0A5A7PJW8,Viridiplantae,True
327,164,46,False,1.0,False,False,False,1,True,A0A5A7PJW8.1/71-136,164,A0A5A7PJW8,Viridiplantae,False
328,165,20,True,1.0,False,True,False,2,True,A0A4Y7I7G0.1/97-160,165,A0A4Y7I7G0,Viridiplantae,True
329,165,25,False,1.0,True,False,False,2,True,A0A4Y7I7G0.1/97-160,165,A0A4Y7I7G0,Viridiplantae,True
330,165,46,False,1.0,False,False,False,1,True,A0A4Y7I7G0.1/97-160,165,A0A4Y7I7G0,Viridiplantae,False
331,166,20,True,1.0,False,True,False,2,True,A0A1Q3B8Q4.1/71-136,166,A0A1Q3B8Q4,Viridiplantae,True
332,166,25,False,1.0,True,False,False,2,True,A0A1Q3B8Q4.1/71-136,166,A0A1Q3B8Q4,Viridiplantae,True
333,166,46,False,1.0,False,False,False,1,True,A0A1Q3B8Q4.1/71-136,166,A0A1Q3B8Q4,Viridiplantae,False
334,167,20,True,0.5,False,False,False,2,True,M2XXE1.1/279-347,167,M2XXE1,unknown,False
335,168,8,False,0.08333333333333333,False,True,False,2,True,A0A5B6W8W1.1/69-139,168,A0A5B6W8W1,Viridiplantae,True
336,168,31,True,0.08333333333333333,True,False,False,2,True,A0A5B6W8W1.1/69-139,168,A0A5B6W8W1,Viridiplantae,True
337,169,20,True,1.0,False,True,False,2,True,A0A251SM61.1/106-170,169,A0A251SM61,Viridiplantae,True
338,169,25,False,1.0,True,False,False,2,True,A0A251SM61.1/106-170,169,A0A251SM61,Viridiplantae,True
339,169,46,False,1.0,False,False,False,1,True,A0A251SM61.1/106-170,169,A0A251SM61,Viridiplantae,False
340,170,0,True,1.0,True,False,False,0,True,A0A2P6VBY7.1/69-141,170,A0A2P6VBY7,Viridiplantae,True
341,171,20,True,1.0,True,True,True,2,True,A0A176VLB0.1/142-222,171,A0A176VLB0,Viridiplantae,True
342,171,30,False,1.0,True,False,False,2,True,A0A176VLB0.1/142-222,171,A0A176VLB0,Viridiplantae,True
343,171,46,False,1.0,False,False,False,1,True,A0A176VLB0.1/142-222,171,A0A176VLB0,Viridiplantae,False
344,172,20,True,0.25,False,True,False,2,True,A0A438FQR1.1/70-136,172,A0A438FQR1,Viridiplantae,True
345,172,25,False,0.25,True,False,False,2,True,A0A438FQR1.1/70-136,172,A0A438FQR1,Viridiplantae,True
346,172,46,False,0.25,False,False,False,1,True,A0A438FQR1.1/70-136,172,A0A438FQR1,Viridiplantae,False
347,173,12,False,1.0,False,False,False,1,True,A0A2K1JLA2.1/55-135,173,A0A2K1JLA2,Viridiplantae,False
348,173,20,True,1.0,False,True,False,2,True,A0A2K1JLA2.1/55-135,173,A0A2K1JLA2,Viridiplantae,True
349,173,46,True,1.0,True,False,False,2,True,A0A2K1JLA2.1/55-135,173,A0A2K1JLA2,Viridiplantae,True
350,174,18,False,0.5,True,False,False,2,True,A0A6A4QJQ7.1/92-156,174,A0A6A4QJQ7,Viridiplantae,True
351,174,51,False,0.5,False,False,False,1,True,A0A6A4QJQ7.1/92-156,174,A0A6A4QJQ7,Viridiplantae,False
352,175,4,False,0.3333333333333333,True,False,False,2,True,A0A2G3D3Y6.1/79-143,175,A0A2G3D3Y6,Viridiplantae,True
353,175,41,False,0.3333333333333333,False,False,False,1,True,A0A2G3D3Y6.1/79-143,175,A0A2G3D3Y6,Viridiplantae,False
354,177,20,True,1.0,False,False,False,2,True,A0A4Y1RAU0.1/55-123,177,A0A4Y1RAU0,Viridiplantae,False
355,177,30,False,1.0,False,False,False,0,True,A0A4Y1RAU0.1/55-123,177,A0A4Y1RAU0,Viridiplantae,False
356,177,31,True,1.0,False,False,False,2,True,A0A4Y1RAU0.1/55-123,177,A0A4Y1RAU0,Viridiplantae,False
357,177,46,False,1.0,False,False,False,1,True,A0A4Y1RAU0.1/55-123,177,A0A4Y1RAU0,Viridiplantae,False
358,178,20,True,1.0,False,True,False,2,True,A0A2G9HAX3.1/82-147,178,A0A2G9HAX3,Viridiplantae,True
359,178,25,False,1.0,True,False,False,2,True,A0A2G9HAX3.1/82-147,178,A0A2G9HAX3,Viridiplantae,True
360,178,46,False,1.0,False,False,False,1,True,A0A2G9HAX3.1/82-147,178,A0A2G9HAX3,Viridiplantae,False
361,179,20,True,1.0,False,True,False,2,True,A0A2I0AAI7.1/78-141,179,A0A2I0AAI7,Viridiplantae,True
362,179,30,False,1.0,True,False,False,2,True,A0A2I0AAI7.1/78-141,179,A0A2I0AAI7,Viridiplantae,True
363,179,46,False,1.0,False,False,False,1,True,A0A2I0AAI7.1/78-141,179,A0A2I0AAI7,Viridiplantae,False
364,180,20,True,1.0,False,True,False,2,True,A0A022RV98.1/107-172,180,A0A022RV98,Viridiplantae,True
365,180,25,False,1.0,True,False,False,2,True,A0A022RV98.1/107-172,180,A0A022RV98,Viridiplantae,True
366,180,46,False,1.0,False,False,False,1,True,A0A022RV98.1/107-172,180,A0A022RV98,Viridiplantae,False
367,181,20,True,1.0,False,False,False,2,True,A0A5J9VS68.1/88-173,181,A0A5J9VS68,Viridiplantae,False
368,181,31,True,1.0,False,True,False,0,True,A0A5J9VS68.1/88-173,181,A0A5J9VS68,Viridiplantae,True
369,181,46,False,1.0,True,True,True,0,True,A0A5J9VS68.1/88-173,181,A0A5J9VS68,Viridiplantae,True
370,185,20,True,1.0,False,True,False,2,True,A0A5N5FEY6.1/50-137,185,A0A5N5FEY6,Viridiplantae,True
371,185,30,False,1.0,True,False,False,2,True,A0A5N5FEY6.1/50-137,185,A0A5N5FEY6,Viridiplantae,True
372,185,46,False,1.0,False,False,False,1,True,A0A5N5FEY6.1/50-137,185,A0A5N5FEY6,Viridiplantae,False
373,186,15,False,1.0,True,False,False,2,True,A0A2R6W7C3.1/109-201,186,A0A2R6W7C3,Viridiplantae,True
374,186,42,False,1.0,False,False,False,0,True,A0A2R6W7C3.1/109-201,186,A0A2R6W7C3,Viridiplantae,False
375,187,7,False,1.0,False,True,False,2,True,A0A2J6K7Y6.1/71-135,187,A0A2J6K7Y6,Viridiplantae,True
376,187,30,True,1.0,True,False,False,2,True,A0A2J6K7Y6.1/71-135,187,A0A2J6K7Y6,Viridiplantae,True
377,189,25,False,1.0,True,False,False,0,True,E1ZJ19.1/1-81,189,E1ZJ19,Viridiplantae,True
378,189,32,False,1.0,False,False,False,1,True,E1ZJ19.1/1-81,189,E1ZJ19,Viridiplantae,False
379,189,54,False,1.0,False,False,False,0,True,E1ZJ19.1/1-81,189,E1ZJ19,Viridiplantae,False
380,190,20,True,1.0,False,True,False,2,True,A0A5N6Q1Q2.1/71-135,190,A0A5N6Q1Q2,Viridiplantae,True
381,190,25,False,1.0,True,False,False,2,True,A0A5N6Q1Q2.1/71-135,190,A0A5N6Q1Q2,Viridiplantae,True
382,190,46,False,1.0,False,True,False,1,True,A0A5N6Q1Q2.1/71-135,190,A0A5N6Q1Q2,Viridiplantae,True
383,191,37,False,1.0,False,False,False,2,True,A0A2P6TF92.1/181-245,191,A0A2P6TF92,Viridiplantae,False
384,192,20,True,0.25,False,True,False,2,True,A0A445K002.1/81-172,192,A0A445K002,Viridiplantae,True
385,192,30,False,0.25,True,False,False,2,True,A0A445K002.1/81-172,192,A0A445K002,Viridiplantae,True
386,192,46,True,0.25,False,False,False,1,True,A0A445K002.1/81-172,192,A0A445K002,Viridiplantae,False
387,193,18,False,1.0,False,False,False,0,True,A0A395IVJ9.1/7-83,193,A0A395IVJ9,Fungi,False
388,193,34,False,1.0,False,True,False,2,True,A0A395IVJ9.1/7-83,193,A0A395IVJ9,Fungi,True
389,193,61,False,1.0,True,False,False,2,True,A0A395IVJ9.1/7-83,193,A0A395IVJ9,Fungi,True
390,194,6,False,1.0,True,False,False,2,True,A0A1Y1HKU7.1/102-162,194,A0A1Y1HKU7,Viridiplantae,True
391,194,30,False,1.0,False,False,False,0,True,A0A1Y1HKU7.1/102-162,194,A0A1Y1HKU7,Viridiplantae,False
392,194,39,False,1.0,False,False,False,1,True,A0A1Y1HKU7.1/102-162,194,A0A1Y1HKU7,Viridiplantae,False
393,195,20,False,1.0,True,False,False,2,True,A0A2Z7C6I7.1/91-155,195,A0A2Z7C6I7,Viridiplantae,True
394,196,30,False,1.0,True,True,True,1,True,U5CXM7.1/67-162,196,U5CXM7,Viridiplantae,True
395,196,46,False,1.0,True,False,False,1,True,U5CXM7.1/67-162,196,U5CXM7,Viridiplantae,True
396,197,20,True,0.5,True,False,False,2,True,A0A6A5ME83.1/92-172,197,A0A6A5ME83,Viridiplantae,True
397,197,51,False,0.5,False,False,False,1,True,A0A6A5ME83.1/92-172,197,A0A6A5ME83,Viridiplantae,False
398,198,20,True,1.0,False,True,False,2,True,A0A103YG22.1/80-159,198,A0A103YG22,Viridiplantae,True
399,198,30,False,1.0,True,False,False,2,True,A0A103YG22.1/80-159,198,A0A103YG22,Viridiplantae,True
400,198,46,False,1.0,False,False,False,1,True,A0A103YG22.1/80-159,198,A0A103YG22,Viridiplantae,False
401,199,42,False,1.0,True,True,True,0,True,A0A699ZUL1.1/31-105,199,A0A699ZUL1,Viridiplantae,True
402,199,46,True,1.0,True,True,True,0,True,A0A699ZUL1.1/31-105,199,A0A699ZUL1,Viridiplantae,True
403,200,31,True,0.2,False,False,False,1,True,A0A314ZAI1.1/71-129,200,A0A314ZAI1,Viridiplantae,False
404,201,17,False,1.0,True,True,True,0,True,A0A3L6RJN2.1/11-82,201,A0A3L6RJN2,Viridiplantae,True
405,201,37,False,1.0,True,True,True,0,True,A0A3L6RJN2.1/11-82,201,A0A3L6RJN2,Viridiplantae,True
406,202,2,False,1.0,True,False,False,2,True,A0A2P6V6G3.1/81-166,202,A0A2P6V6G3,Viridiplantae,True
407,202,20,True,1.0,False,True,False,1,True,A0A2P6V6G3.1/81-166,202,A0A2P6V6G3,Viridiplantae,True
408,202,46,True,1.0,True,False,False,1,True,A0A2P6V6G3.1/81-166,202,A0A2P6V6G3,Viridiplantae,True
409,203,11,False,1.0,False,True,False,2,True,A0A1Q9D9H7.1/389-453,203,A0A1Q9D9H7,unknown,True
410,203,20,True,1.0,True,True,True,2,True,A0A1Q9D9H7.1/389-453,203,A0A1Q9D9H7,unknown,True
411,203,29,False,1.0,True,False,False,2,True,A0A1Q9D9H7.1/389-453,203,A0A1Q9D9H7,unknown,True
412,203,46,False,1.0,False,True,False,1,True,A0A1Q9D9H7.1/389-453,203,A0A1Q9D9H7,unknown,True
413,204,20,True,1.0,False,True,False,2,True,A0A444DG80.1/74-141,204,A0A444DG80,Viridiplantae,True
414,204,25,False,1.0,True,True,True,2,True,A0A444DG80.1/74-141,204,A0A444DG80,Viridiplantae,True
415,204,47,False,1.0,True,True,True,2,True,A0A444DG80.1/74-141,204,A0A444DG80,Viridiplantae,True
416,205,20,True,1.0,False,True,False,2,True,A0A2U1PU96.1/227-310,205,A0A2U1PU96,Viridiplantae,True
417,205,25,False,1.0,True,False,False,2,True,A0A2U1PU96.1/227-310,205,A0A2U1PU96,Viridiplantae,True
418,205,46,False,1.0,False,False,False,1,True,A0A2U1PU96.1/227-310,205,A0A2U1PU96,Viridiplantae,False
419,207,26,False,0.3333333333333333,True,False,False,2,True,A0A498JUI7.1/71-147,207,A0A498JUI7,Viridiplantae,True
420,207,62,False,0.3333333333333333,False,False,False,1,True,A0A498JUI7.1/71-147,207,A0A498JUI7,Viridiplantae,False
421,208,19,False,1.0,False,False,False,1,True,A0A163K5U2.1/9-78,208,A0A163K5U2,Fungi,False
422,208,36,False,1.0,False,False,False,2,True,A0A163K5U2.1/9-78,208,A0A163K5U2,Fungi,False
423,208,53,False,1.0,False,True,False,0,True,A0A163K5U2.1/9-78,208,A0A163K5U2,Fungi,True
424,209,28,False,1.0,True,True,True,0,True,A0A199V7X8.1/14-92,209,A0A199V7X8,Viridiplantae,True
425,209,38,False,1.0,True,True,True,0,True,A0A199V7X8.1/14-92,209,A0A199V7X8,Viridiplantae,True
426,209,43,True,1.0,True,True,True,0,True,A0A199V7X8.1/14-92,209,A0A199V7X8,Viridiplantae,True
427,210,36,False,1.0,False,False,False,2,True,Q84LN7.1/98-130,210,Q84LN7,Viridiplantae,False
428,211,46,True,1.0,True,True,True,0,True,A0A2J7ZQ02.1/10-70,211,A0A2J7ZQ02,Viridiplantae,True
429,212,3,False,1.0,False,True,False,2,True,A0A540NLM1.1/70-150,212,A0A540NLM1,Viridiplantae,True
430,212,31,True,1.0,True,False,False,2,True,A0A540NLM1.1/70-150,212,A0A540NLM1,Viridiplantae,True
431,213,20,True,0.25,False,True,False,2,True,A0A445K030.1/81-138,213,A0A445K030,Viridiplantae,True
432,213,30,False,0.25,True,False,False,2,True,A0A445K030.1/81-138,213,A0A445K030,Viridiplantae,True
433,214,42,False,1.0,False,False,False,2,True,A0A699ZU53.1/11-62,214,A0A699ZU53,Viridiplantae,False
434,215,24,False,1.0,False,False,False,0,True,A0A4Y7K6W0.1/94-155,215,A0A4Y7K6W0,Viridiplantae,False
435,215,31,True,1.0,False,False,False,2,True,A0A4Y7K6W0.1/94-155,215,A0A4Y7K6W0,Viridiplantae,False
436,215,46,False,1.0,False,True,False,0,True,A0A4Y7K6W0.1/94-155,215,A0A4Y7K6W0,Viridiplantae,True
