,index,exon_bs_aa,exon_bs_ins,exon_rew,last_ex_sym,next_ex_sym,both_ex_sym,intron_ph,phases_ok,uniprot_name,protein_index,uniprot_id,kingdom,any_exon_sym
0,0,16,False,1.0,True,True,True,0,True,A0A7R9QUH5.1/46-153,0,A0A7R9QUH5,Metazoa,True
1,0,73,False,1.0,True,False,False,0,True,A0A7R9QUH5.1/46-153,0,A0A7R9QUH5,Metazoa,True
2,1,16,False,1.0,False,False,False,2,True,A0A7R9QUH5.1/222-332,1,A0A7R9QUH5,Metazoa,False
3,1,73,False,1.0,False,True,False,0,True,A0A7R9QUH5.1/222-332,1,A0A7R9QUH5,Metazoa,True
4,2,62,False,1.0,False,False,False,2,True,A0A1D2MI83.1/98-215,2,A0A1D2MI83,Metazoa,False
5,2,73,False,1.0,False,True,False,0,True,A0A1D2MI83.1/98-215,2,A0A1D2MI83,Metazoa,True
6,3,53,False,1.0,True,False,False,0,True,A0A1D2MI83.1/268-387,3,A0A1D2MI83,Metazoa,True
7,3,92,False,1.0,False,False,False,1,True,A0A1D2MI83.1/268-387,3,A0A1D2MI83,Metazoa,False
8,4,41,False,0.5,True,True,True,0,True,A0A7R9KK34.1/18-126,4,A0A7R9KK34,Metazoa,True
9,4,97,False,0.5,True,False,False,0,True,A0A7R9KK34.1/18-126,4,A0A7R9KK34,Metazoa,True
10,5,41,False,0.5,False,False,False,1,True,A0A7R9KK34.1/195-303,5,A0A7R9KK34,Metazoa,False
11,5,97,False,0.5,False,True,False,0,True,A0A7R9KK34.1/195-303,5,A0A7R9KK34,Metazoa,True
12,6,30,False,1.0,True,True,True,0,True,A0A653CSV6.1/139-244,6,A0A653CSV6,Metazoa,True
13,7,51,False,0.5,True,False,False,0,True,A0A7R9KV78.1/3-89,7,A0A7R9KV78,Metazoa,True
14,8,51,False,0.5,False,True,False,0,True,A0A7R9KV78.1/164-233,8,A0A7R9KV78,Metazoa,True
15,12,0,False,1.0,False,False,False,1,True,A0A7J7BR61.1/198-307,12,A0A7J7BR61,Metazoa,False
16,15,93,False,1.0,True,True,True,0,True,A0A7R9L7H8.1/81-190,15,A0A7R9L7H8,Metazoa,True
17,17,88,False,0.3333333333333333,True,True,True,0,True,A0A2N1MZB5.1/31-139,17,A0A2N1MZB5,Fungi,True
18,18,73,False,0.5,True,True,True,0,True,A0A2P4QCG5.1/33-140,18,A0A2P4QCG5,Fungi,True
19,19,48,False,0.5,True,True,True,0,True,A0A015LDX8.1/59-166,19,A0A015LDX8,Fungi,True
20,21,2,False,1.0,False,False,False,1,True,A0A1X2GML7.1/148-259,21,A0A1X2GML7,Fungi,False
21,22,61,False,0.2,True,True,True,0,True,A0A015L2T0.1/59-167,22,A0A015L2T0,Fungi,True
22,23,15,False,1.0,True,True,True,0,True,A0A7R9KDF5.1/48-155,23,A0A7R9KDF5,Metazoa,True
23,23,68,False,1.0,True,True,True,0,True,A0A7R9KDF5.1/48-155,23,A0A7R9KDF5,Metazoa,True
24,24,30,False,1.0,False,False,False,1,True,R7Z235.1/152-266,24,R7Z235,Fungi,False
25,25,51,False,0.5,True,True,True,0,True,A0A7R9KHN4.1/22-130,25,A0A7R9KHN4,Metazoa,True
26,27,42,True,1.0,False,False,False,2,True,A0A0C2XHJ2.1/131-245,27,A0A0C2XHJ2,Fungi,False
27,28,51,False,0.5,True,True,True,0,True,A0A7R9Q1P8.1/47-156,28,A0A7R9Q1P8,Metazoa,True
28,30,15,True,1.0,False,True,False,2,True,A0A5J5F9A7.1/128-242,30,A0A5J5F9A7,Fungi,True
29,31,15,False,0.5,True,True,True,0,True,A0A7R9KJX5.1/46-154,31,A0A7R9KJX5,Metazoa,True
30,31,69,False,0.5,True,True,True,0,True,A0A7R9KJX5.1/46-154,31,A0A7R9KJX5,Metazoa,True
31,33,84,False,0.5,True,True,True,0,True,A0A2N1N3C0.1/32-139,33,A0A2N1N3C0,Fungi,True
32,34,84,False,0.5,True,True,True,0,True,A0A2I1GDK6.1/32-139,34,A0A2I1GDK6,Fungi,True
33,35,86,False,0.2,True,True,True,0,True,A0A2N1M602.1/33-141,35,A0A2N1M602,Fungi,True
34,36,40,False,1.0,False,False,False,2,True,A0A4Y7SZV3.1/136-250,36,A0A4Y7SZV3,Fungi,False
35,39,13,False,1.0,True,True,True,0,True,A0A7R9M7T2.1/49-155,39,A0A7R9M7T2,Metazoa,True
36,39,67,False,1.0,True,True,True,0,True,A0A7R9M7T2.1/49-155,39,A0A7R9M7T2,Metazoa,True
37,40,54,False,1.0,False,True,False,2,True,A0A5C3KE90.1/118-233,40,A0A5C3KE90,Fungi,True
38,40,72,False,1.0,True,True,True,2,True,A0A5C3KE90.1/118-233,40,A0A5C3KE90,Fungi,True
39,42,15,True,1.0,False,False,False,1,True,A0A0L0UMR2.1/115-223,42,A0A0L0UMR2,Fungi,False
40,46,9,False,0.5,True,True,True,0,True,A0A7R9KIC9.1/46-155,46,A0A7R9KIC9,Metazoa,True
41,46,69,False,0.5,True,True,True,0,True,A0A7R9KIC9.1/46-155,46,A0A7R9KIC9,Metazoa,True
42,47,48,False,1.0,False,False,False,0,True,U4LQS4.1/136-250,47,U4LQS4,Fungi,False
43,48,51,False,1.0,False,True,False,0,True,A0A7R9M799.1/128-235,48,A0A7R9M799,Metazoa,True
44,49,77,False,0.5,False,False,False,1,True,A0A2G5IBN1.1/102-216,49,A0A2G5IBN1,Fungi,False
45,50,51,False,1.0,True,True,True,0,True,A0A7R9QQ51.1/46-157,50,A0A7R9QQ51,Metazoa,True
46,51,82,False,0.5,True,True,True,0,True,A0A2N1MZ41.1/32-140,51,A0A2N1MZ41,Fungi,True
47,52,51,False,0.5,True,True,True,0,True,A0A7R9PWQ4.1/46-155,52,A0A7R9PWQ4,Metazoa,True
48,53,86,False,0.5,True,True,True,0,True,A0A397TI77.1/30-137,53,A0A397TI77,Fungi,True
49,55,11,False,0.5,True,True,True,0,True,A0A7R9KG95.1/48-155,55,A0A7R9KG95,Metazoa,True
50,55,69,False,0.5,True,True,True,0,True,A0A7R9KG95.1/48-155,55,A0A7R9KG95,Metazoa,True
51,57,85,False,0.3333333333333333,True,True,True,0,True,A0A2I1H1F7.1/31-139,57,A0A2I1H1F7,Fungi,True
52,58,51,False,0.5,True,True,True,0,True,A0A7R9KT99.1/48-155,58,A0A7R9KT99,Metazoa,True
53,59,8,False,0.5,True,True,True,0,True,A0A7R9MM95.1/48-155,59,A0A7R9MM95,Metazoa,True
54,59,68,False,0.5,True,True,True,0,True,A0A7R9MM95.1/48-155,59,A0A7R9MM95,Metazoa,True
55,61,8,False,0.5,True,True,True,0,True,A0A7R9M991.1/48-155,61,A0A7R9M991,Metazoa,True
56,61,68,False,0.5,True,True,True,0,True,A0A7R9M991.1/48-155,61,A0A7R9M991,Metazoa,True
57,62,9,False,0.5,True,True,True,0,True,A0A7R9KGA2.1/47-156,62,A0A7R9KGA2,Metazoa,True
58,62,69,False,0.5,True,True,True,0,True,A0A7R9KGA2.1/47-156,62,A0A7R9KGA2,Metazoa,True
59,64,53,False,1.0,False,True,False,2,True,A0A146H6X4.1/117-211,64,A0A146H6X4,Fungi,True
60,65,30,False,0.14285714285714285,False,False,False,2,True,C7Z8W0.1/128-243,65,C7Z8W0,Fungi,False
61,66,83,False,1.0,True,True,True,0,True,A0A397U2F2.1/37-148,66,A0A397U2F2,Fungi,True
62,67,12,False,1.0,True,True,True,0,True,A0A7R9KLV9.1/47-155,67,A0A7R9KLV9,Metazoa,True
63,67,69,False,1.0,True,True,True,0,True,A0A7R9KLV9.1/47-155,67,A0A7R9KLV9,Metazoa,True
65,69,99,False,0.25,True,False,False,0,True,A0A015IC03.1/16-124,69,A0A015IC03,Fungi,True
66,71,95,False,0.25,True,True,True,0,True,A0A2I1F0P8.1/20-128,71,A0A2I1F0P8,Fungi,True
67,73,30,False,0.5,False,False,False,2,True,A0A179GXV7.1/52-166,73,A0A179GXV7,Fungi,False
68,74,41,False,1.0,False,False,False,2,True,A0A4Q2D824.1/135-249,74,A0A4Q2D824,Fungi,False
69,77,11,False,1.0,True,True,True,0,True,A0A7R9QS21.1/49-155,77,A0A7R9QS21,Metazoa,True
70,77,68,False,1.0,True,True,True,0,True,A0A7R9QS21.1/49-155,77,A0A7R9QS21,Metazoa,True
71,78,39,False,1.0,False,False,False,2,True,A0A5C3KRA1.1/135-250,78,A0A5C3KRA1,Fungi,False
72,79,2,False,1.0,False,False,False,2,True,A0A517LLT7.1/137-249,79,A0A517LLT7,Fungi,False
73,79,67,False,1.0,False,False,False,1,True,A0A517LLT7.1/137-249,79,A0A517LLT7,Fungi,False
74,82,16,False,1.0,True,True,True,0,True,A0A7R9PXF8.1/45-158,82,A0A7R9PXF8,Metazoa,True
75,82,73,False,1.0,True,True,True,0,True,A0A7R9PXF8.1/45-158,82,A0A7R9PXF8,Metazoa,True
76,83,41,False,0.5,False,False,False,1,True,A0A6A6FNA6.1/141-255,83,A0A6A6FNA6,Fungi,False
77,84,51,False,1.0,True,True,True,0,True,A0A7R9KIQ5.1/41-148,84,A0A7R9KIQ5,Metazoa,True
78,86,43,False,0.5,False,False,False,2,True,A0A0C9XQL1.1/132-246,86,A0A0C9XQL1,Fungi,False
79,87,10,False,1.0,False,False,False,2,True,G0RZV2.1/129-244,87,G0RZV2,Fungi,False
80,88,30,False,1.0,True,True,True,0,True,A0A6G1FSR6.1/135-249,88,A0A6G1FSR6,Fungi,True
81,89,30,False,1.0,True,True,True,0,True,A0A2B7XQS1.1/59-171,89,A0A2B7XQS1,Fungi,True
82,90,9,False,1.0,True,True,True,0,True,A0A7R9PVM6.1/51-159,90,A0A7R9PVM6,Metazoa,True
83,90,65,False,1.0,True,True,True,0,True,A0A7R9PVM6.1/51-159,90,A0A7R9PVM6,Metazoa,True
84,91,30,False,1.0,False,False,False,1,True,A0A6A6CA05.1/88-202,91,A0A6A6CA05,Fungi,False
85,92,40,False,0.5,True,False,False,0,True,A0A2U3ELH9.1/52-166,92,A0A2U3ELH9,Fungi,True
86,92,80,False,0.5,False,False,False,2,True,A0A2U3ELH9.1/52-166,92,A0A2U3ELH9,Fungi,False
87,94,43,False,1.0,False,False,False,2,True,A0A067TC70.1/132-245,94,A0A067TC70,Fungi,False
88,95,30,False,1.0,True,True,True,0,True,W6PQ31.1/49-163,95,W6PQ31,Fungi,True
89,97,35,False,0.1,True,True,True,0,True,A0A179V000.1/59-171,97,A0A179V000,Fungi,True
90,98,35,False,0.1,True,True,True,0,True,C5GQK2.1/59-171,98,C5GQK2,Fungi,True
91,99,30,False,0.1,True,True,True,0,True,F2TI98.1/59-171,99,F2TI98,Fungi,True
92,100,30,False,0.1,True,True,True,0,True,T5BPZ6.1/59-171,100,T5BPZ6,Fungi,True
93,101,33,False,1.0,True,True,True,0,True,A0A5N6L456.1/53-167,101,A0A5N6L456,Viridiplantae,True
94,102,36,False,0.5,True,False,False,0,True,A0A084R326.1/54-167,102,A0A084R326,Fungi,True
95,102,78,False,0.5,False,False,False,2,True,A0A084R326.1/54-167,102,A0A084R326,Fungi,False
96,103,30,False,0.5,False,False,False,2,True,A0A084B7C5.1/54-167,103,A0A084B7C5,Fungi,False
97,105,12,False,1.0,True,True,True,0,True,A0A7R9QXK0.1/47-153,105,A0A7R9QXK0,Metazoa,True
98,105,69,False,1.0,True,True,True,0,True,A0A7R9QXK0.1/47-153,105,A0A7R9QXK0,Metazoa,True
99,107,30,False,1.0,False,False,False,1,True,U1HSJ9.1/159-273,107,U1HSJ9,Fungi,False
100,108,5,False,0.2,False,False,False,2,True,A0A094DN53.1/133-247,108,A0A094DN53,Fungi,False
101,109,5,False,0.2,False,False,False,2,True,A0A094IML3.1/133-247,109,A0A094IML3,Fungi,False
102,110,40,False,1.0,False,False,False,2,True,A0A2A9NAZ2.1/144-258,110,A0A2A9NAZ2,Fungi,False
103,112,63,False,1.0,False,False,False,1,True,A0A1Y3B3E7.1/160-241,112,A0A1Y3B3E7,Metazoa,False
104,113,35,False,0.1,True,True,True,0,True,A0A2B7XEY6.1/59-171,113,A0A2B7XEY6,Fungi,True
105,114,41,False,1.0,True,False,False,0,True,A0A0B7K0K8.1/50-165,114,A0A0B7K0K8,Fungi,True
106,114,79,True,1.0,False,False,False,2,True,A0A0B7K0K8.1/50-165,114,A0A0B7K0K8,Fungi,False
107,115,12,False,1.0,True,True,True,0,True,A0A7R9QY15.1/47-154,115,A0A7R9QY15,Metazoa,True
108,115,69,False,1.0,True,True,True,0,True,A0A7R9QY15.1/47-154,115,A0A7R9QY15,Metazoa,True
109,116,35,False,0.1,True,True,True,0,True,A0A2B7ZP75.1/59-171,116,A0A2B7ZP75,Fungi,True
110,118,30,False,0.1,True,True,True,0,True,A0A0G2HX01.1/59-171,118,A0A0G2HX01,Fungi,True
111,119,30,False,1.0,True,True,True,0,True,A0A6A5T6H4.1/57-171,119,A0A6A5T6H4,Fungi,True
112,120,30,False,0.5,True,True,True,0,True,A0A135LWS5.1/49-162,120,A0A135LWS5,Fungi,True
113,123,35,False,0.1,True,True,True,0,True,A0A1J9PHJ0.1/59-171,123,A0A1J9PHJ0,Fungi,True
114,124,30,False,1.0,True,True,True,0,True,A0A1Q5U1H5.1/48-162,124,A0A1Q5U1H5,Fungi,True
115,125,30,False,0.2,False,False,False,2,True,A0A1B8EGK2.1/131-245,125,A0A1B8EGK2,Fungi,False
116,126,30,False,0.04,False,False,False,2,True,A0A2H3HUJ1.1/125-240,126,A0A2H3HUJ1,Fungi,False
117,127,30,False,0.04,False,False,False,2,True,A0A3L6P213.1/125-240,127,A0A3L6P213,Fungi,False
118,128,9,False,0.04,False,False,False,2,True,A0A420T284.1/125-240,128,A0A420T284,Fungi,False
119,129,30,False,1.0,True,True,True,0,True,A0A2I2G7V6.1/50-164,129,A0A2I2G7V6,Fungi,True
120,131,86,False,1.0,False,False,False,2,True,A0A067T7N7.1/108-222,131,A0A067T7N7,Fungi,False
121,133,0,False,1.0,False,True,False,2,True,A0A146I098.1/463-577,133,A0A146I098,Fungi,True
122,133,50,False,1.0,True,True,True,2,True,A0A146I098.1/463-577,133,A0A146I098,Fungi,True
123,134,34,False,1.0,True,True,True,0,True,A0A6A6DQ21.1/58-172,134,A0A6A6DQ21,Fungi,True
124,135,9,False,0.04,False,False,False,2,True,A0A420PXR0.1/125-240,135,A0A420PXR0,Fungi,False
125,136,30,False,0.04,False,False,False,2,True,A0A4Q2W246.1/125-240,136,A0A4Q2W246,Fungi,False
126,137,9,False,0.04,False,False,False,2,True,W9KX02.1/125-240,137,W9KX02,Fungi,False
127,138,30,False,0.1,True,True,True,0,True,A0A0H1BPF6.1/59-171,138,A0A0H1BPF6,Fungi,True
128,139,42,True,0.2,True,True,True,0,True,A0A1V6QE23.1/49-162,139,A0A1V6QE23,Fungi,True
129,140,38,False,0.5,True,False,False,0,True,A0A179HFJ8.1/54-168,140,A0A179HFJ8,Fungi,True
130,140,78,False,0.5,False,False,False,2,True,A0A179HFJ8.1/54-168,140,A0A179HFJ8,Fungi,False
131,141,34,False,1.0,True,False,False,0,True,A0A086TBZ4.1/56-168,141,A0A086TBZ4,Fungi,True
132,141,76,False,1.0,False,False,False,2,True,A0A086TBZ4.1/56-168,141,A0A086TBZ4,Fungi,False
133,142,30,False,0.14285714285714285,False,False,False,2,True,A0A428Q4K6.1/128-242,142,A0A428Q4K6,Fungi,False
134,143,30,False,0.04,False,False,False,2,True,A0A559LP01.1/125-240,143,A0A559LP01,Fungi,False
135,145,41,False,0.3333333333333333,True,True,True,0,True,A0A7R7XBQ3.1/51-165,145,A0A7R7XBQ3,Fungi,True
136,146,30,False,1.0,False,False,False,2,True,A0A094C928.1/132-246,146,A0A094C928,Fungi,False
137,147,30,False,0.04,False,False,False,2,True,A0A5C6TC53.1/125-240,147,A0A5C6TC53,Fungi,False
138,148,30,False,0.04,False,False,False,2,True,N1RWA4.1/125-240,148,N1RWA4,Fungi,False
139,149,30,False,0.04,False,False,False,2,True,X0J9Z2.1/125-240,149,X0J9Z2,Fungi,False
140,150,9,False,0.04,False,False,False,2,True,A0A0C4DJD8.1/125-240,150,A0A0C4DJD8,Fungi,False
141,151,9,False,0.04,False,False,False,2,True,A0A2H3TLJ8.1/125-240,151,A0A2H3TLJ8,Fungi,False
142,152,9,False,0.04,False,False,False,2,True,W9JB91.1/125-240,152,W9JB91,Fungi,False
143,153,30,False,0.04,False,False,False,2,True,W9NMN8.1/125-240,153,W9NMN8,Fungi,False
144,154,30,False,0.04,False,False,False,2,True,N4UKT7.1/125-240,154,N4UKT7,Fungi,False
145,155,9,False,0.04,False,False,False,2,True,X0M5E2.1/125-240,155,X0M5E2,Fungi,False
146,157,30,False,0.04,False,False,False,2,True,W9ZZW9.1/125-240,157,W9ZZW9,Fungi,False
147,160,35,False,0.1,True,True,True,0,True,A0A1B7NYX9.1/59-171,160,A0A1B7NYX9,Fungi,True
148,161,42,True,0.2,True,True,True,0,True,A0A1V6RH43.1/49-162,161,A0A1V6RH43,Fungi,True
149,163,42,True,0.5,True,True,True,0,True,A0A1V6UKP7.1/49-162,163,A0A1V6UKP7,Fungi,True
150,164,42,True,1.0,True,True,True,0,True,A0A4S3JW55.1/49-163,164,A0A4S3JW55,Fungi,True
151,165,69,False,1.0,True,True,True,0,True,A0A397V392.1/39-131,165,A0A397V392,Fungi,True
152,168,13,False,1.0,False,False,False,1,True,A0A137QM58.1/54-167,168,A0A137QM58,Fungi,False
153,170,58,False,1.0,False,False,False,2,True,A0A5C3LZT2.1/116-230,170,A0A5C3LZT2,Fungi,False
154,172,30,False,0.2,True,True,True,0,True,A0A1V6YBE6.1/49-162,172,A0A1V6YBE6,Fungi,True
155,173,30,False,1.0,True,True,True,0,True,A0A017SCH5.1/52-166,173,A0A017SCH5,Fungi,True
156,174,52,False,0.3333333333333333,True,True,True,0,True,A0A1L9THJ7.1/37-151,174,A0A1L9THJ7,Fungi,True
157,175,51,False,1.0,False,True,False,0,True,A0A7R9LHS2.1/271-378,175,A0A7R9LHS2,Metazoa,True
158,176,9,False,0.04,False,False,False,2,True,W9Z992.1/125-240,176,W9Z992,Fungi,False
159,178,2,False,1.0,False,False,False,0,True,A0A6G1GDE2.1/113-227,178,A0A6G1GDE2,Fungi,False
160,178,30,False,1.0,False,False,False,1,True,A0A6G1GDE2.1/113-227,178,A0A6G1GDE2,Fungi,False
161,179,30,False,0.04,False,False,False,2,True,A0A4Q2UWW1.1/119-234,179,A0A4Q2UWW1,Fungi,False
162,180,42,True,0.2,True,True,True,0,True,A0A0G4PAY8.1/49-162,180,A0A0G4PAY8,Fungi,True
163,181,30,False,0.04,False,False,False,2,True,A0A2K0WKX5.1/125-240,181,A0A2K0WKX5,Fungi,False
164,182,30,False,0.04,False,False,False,2,True,X0B4J3.1/125-240,182,X0B4J3,Fungi,False
165,183,9,False,0.04,False,False,False,2,True,A0A420MB71.1/125-240,183,A0A420MB71,Fungi,False
166,184,9,False,0.04,False,False,False,2,True,F9F2K4.1/125-240,184,F9F2K4,Fungi,False
167,185,9,False,0.04,False,False,False,2,True,X0H0E8.1/125-240,185,X0H0E8,Fungi,False
168,186,37,False,0.125,True,False,False,0,True,A0A430LVA7.1/55-169,186,A0A430LVA7,Fungi,True
169,186,77,False,0.125,False,False,False,2,True,A0A430LVA7.1/55-169,186,A0A430LVA7,Fungi,False
170,187,87,False,1.0,False,False,False,2,True,A0A409YWJ6.1/349-463,187,A0A409YWJ6,Fungi,False
171,188,5,True,0.2,False,False,False,2,True,A0A094IE25.1/130-244,188,A0A094IE25,Fungi,False
172,189,5,True,0.2,False,False,False,2,True,A0A094GY79.1/130-244,189,A0A094GY79,Fungi,False
173,190,75,False,1.0,True,True,True,0,True,A0A397TFN8.1/27-116,190,A0A397TFN8,Fungi,True
174,191,30,False,1.0,True,True,True,0,True,A0A6A6ZKN4.1/50-164,191,A0A6A6ZKN4,Fungi,True
175,192,30,False,1.0,True,True,True,0,True,A6R5W4.1/59-171,192,A6R5W4,Fungi,True
176,193,30,False,0.2,True,True,True,0,True,A0A1V6SGT0.1/49-162,193,A0A1V6SGT0,Fungi,True
177,194,33,False,1.0,True,True,True,0,True,C5FZ72.1/59-173,194,C5FZ72,Fungi,True
178,195,32,False,0.5,True,True,True,1,True,A0A179H2Z7.1/452-566,195,A0A179H2Z7,Fungi,True
179,195,73,False,0.5,True,False,False,1,True,A0A179H2Z7.1/452-566,195,A0A179H2Z7,Fungi,True
180,196,42,False,0.3333333333333333,True,True,True,0,True,A0A1L9PIR7.1/50-164,196,A0A1L9PIR7,Fungi,True
181,197,30,False,1.0,True,True,True,0,True,A0A6A6VHZ6.1/57-171,197,A0A6A6VHZ6,Fungi,True
182,198,94,False,0.5,True,False,False,1,True,F0UVK8.1/59-171,198,F0UVK8,Fungi,True
183,199,30,False,0.5,True,True,True,0,True,C6H5Y9.1/59-171,199,C6H5Y9,Fungi,True
184,200,30,False,0.5,False,False,False,2,True,A0A3S4F4V7.1/128-242,200,A0A3S4F4V7,Fungi,False
185,201,7,False,0.5,False,False,False,2,True,G2RG69.1/128-242,201,G2RG69,Fungi,False
186,202,30,False,0.5,False,False,False,2,True,A0A179F484.1/70-167,202,A0A179F484,Fungi,False
187,204,5,True,0.14285714285714285,False,False,False,2,True,A0A093ZTZ8.1/132-246,204,A0A093ZTZ8,Fungi,False
188,205,30,False,0.125,False,False,False,2,True,A0A428QMB4.1/55-169,205,A0A428QMB4,Fungi,False
189,206,30,False,1.0,True,True,True,0,True,A0A6A6JXJ0.1/58-172,206,A0A6A6JXJ0,Fungi,True
190,207,30,False,1.0,True,True,True,0,True,A0A1Y1ZNM8.1/58-174,207,A0A1Y1ZNM8,Fungi,True
191,208,30,False,0.5,False,False,False,2,True,A0A179G008.1/55-170,208,A0A179G008,Fungi,False
192,209,36,False,0.5,True,False,False,0,True,A0A4Q7K573.1/55-170,209,A0A4Q7K573,Fungi,True
193,209,76,False,0.5,False,False,False,2,True,A0A4Q7K573.1/55-170,209,A0A4Q7K573,Fungi,False
194,210,38,False,1.0,True,True,True,0,True,A0A1L9PGW4.1/55-168,210,A0A1L9PGW4,Fungi,True
195,211,37,False,0.125,True,False,False,0,True,C7Z967.1/55-169,211,C7Z967,Fungi,True
196,211,77,False,0.125,False,False,False,2,True,C7Z967.1/55-169,211,C7Z967,Fungi,False
197,212,30,False,0.125,False,False,False,2,True,A0A428QIY2.1/55-169,212,A0A428QIY2,Fungi,False
198,213,37,False,0.125,True,False,False,0,True,A0A428U703.1/55-169,213,A0A428U703,Fungi,True
199,213,77,False,0.125,False,False,False,2,True,A0A428U703.1/55-169,213,A0A428U703,Fungi,False
200,214,37,False,0.125,True,False,False,0,True,A0A3M2S8U4.1/55-169,214,A0A3M2S8U4,Fungi,True
201,214,77,False,0.125,False,False,False,2,True,A0A3M2S8U4.1/55-169,214,A0A3M2S8U4,Fungi,False
202,215,37,False,0.125,True,False,False,0,True,A0A428SUM1.1/55-169,215,A0A428SUM1,Fungi,True
203,215,77,False,0.125,False,False,False,2,True,A0A428SUM1.1/55-169,215,A0A428SUM1,Fungi,False
204,217,29,False,1.0,True,True,True,0,True,A0A178DWE7.1/63-177,217,A0A178DWE7,Fungi,True
205,218,30,False,0.5,True,True,True,0,True,A0A0U1M3Y8.1/49-162,218,A0A0U1M3Y8,Fungi,True
206,219,30,False,1.0,True,False,False,2,True,A0A1B8G4G8.1/113-227,219,A0A1B8G4G8,Fungi,True
207,220,8,False,0.14285714285714285,False,False,False,2,True,A0A1B8EW05.1/129-243,220,A0A1B8EW05,Fungi,False
208,221,30,False,0.14285714285714285,False,False,False,2,True,A0A1B8GB15.1/129-243,221,A0A1B8GB15,Fungi,False
209,222,30,False,0.14285714285714285,False,False,False,2,True,A0A094HNM8.1/129-243,222,A0A094HNM8,Fungi,False
210,223,41,False,0.06666666666666667,True,True,True,0,True,A0A5N6XCR5.1/50-164,223,A0A5N6XCR5,Fungi,True
211,224,35,False,1.0,True,True,True,0,True,E4V546.1/57-171,224,E4V546,Fungi,True
212,225,40,False,1.0,True,False,False,0,True,A0A086SUF8.1/52-167,225,A0A086SUF8,Fungi,True
213,225,79,True,1.0,False,False,False,2,True,A0A086SUF8.1/52-167,225,A0A086SUF8,Fungi,False
214,226,15,False,1.0,False,False,False,2,True,Q2GND9.1/125-239,226,Q2GND9,Fungi,False
215,227,30,False,0.14285714285714285,False,False,False,2,True,A0A428RHS5.1/128-242,227,A0A428RHS5,Fungi,False
216,228,30,False,0.14285714285714285,False,False,False,2,True,A0A430L561.1/128-242,228,A0A430L561,Fungi,False
217,229,30,False,0.06666666666666667,True,True,True,0,True,A0A0F0I222.1/50-164,229,A0A0F0I222,Fungi,True
218,230,41,False,0.06666666666666667,True,True,True,0,True,A0A5N6DUY3.1/50-164,230,A0A5N6DUY3,Fungi,True
219,231,30,False,1.0,True,True,True,0,True,A0A7C8IGL5.1/57-171,231,A0A7C8IGL5,Fungi,True
220,232,5,True,0.5,False,False,False,2,True,A0A093Z6Z8.1/132-245,232,A0A093Z6Z8,Fungi,False
221,233,30,False,1.0,True,True,True,0,True,A0A6G1J2Y6.1/52-166,233,A0A6G1J2Y6,Fungi,True
222,234,6,False,0.14285714285714285,False,False,False,2,True,A0A1B8CCH8.1/131-245,234,A0A1B8CCH8,Fungi,False
223,235,34,False,1.0,True,True,True,0,True,A0A2V1E0E4.1/57-171,235,A0A2V1E0E4,Fungi,True
224,236,89,False,1.0,False,False,False,2,True,A0A409WWI3.1/335-448,236,A0A409WWI3,Fungi,False
225,237,41,False,0.06666666666666667,True,True,True,0,True,A0A5N6ELL0.1/50-164,237,A0A5N6ELL0,Fungi,True
226,238,7,False,0.14285714285714285,False,False,False,2,True,A0A428UT39.1/128-242,238,A0A428UT39,Fungi,False
227,239,30,False,1.0,False,False,False,2,True,A0A2C6A3I6.1/53-167,239,A0A2C6A3I6,Fungi,False
228,240,48,False,1.0,True,True,True,0,True,S3D2D9.1/161-274,240,S3D2D9,Fungi,True
229,242,8,False,0.14285714285714285,False,False,False,2,True,A0A1B8DG43.1/129-243,242,A0A1B8DG43,Fungi,False
230,243,11,False,1.0,True,True,True,0,True,A0A7R9MBY2.1/49-156,243,A0A7R9MBY2,Metazoa,True
231,243,67,False,1.0,True,True,True,0,True,A0A7R9MBY2.1/49-156,243,A0A7R9MBY2,Metazoa,True
232,245,63,False,0.14285714285714285,True,True,True,2,True,A0A094EPJ7.1/270-384,245,A0A094EPJ7,Fungi,True
233,246,90,False,1.0,False,False,False,2,True,A0A0C9W3W6.1/387-501,246,A0A0C9W3W6,Fungi,False
234,247,30,False,0.125,False,False,False,2,True,A0A428R3I6.1/73-169,247,A0A428R3I6,Fungi,False
235,248,26,False,1.0,False,False,False,1,True,A0A194XFQ9.1/150-264,248,A0A194XFQ9,Fungi,False
236,249,33,False,0.1,True,True,True,0,True,E4UVW7.1/59-173,249,E4UVW7,Fungi,True
237,250,31,False,0.5,False,False,False,1,True,E9HRR0.1/49-164,250,E9HRR0,Metazoa,False
238,251,30,False,1.0,True,True,True,0,True,A0A6A6X9Q0.1/61-175,251,A0A6A6X9Q0,Fungi,True
239,252,30,False,0.06666666666666667,True,True,True,0,True,A0A5N6J4L1.1/50-164,252,A0A5N6J4L1,Fungi,True
240,253,41,False,0.06666666666666667,True,True,True,0,True,A0A5N6WFC0.1/50-164,253,A0A5N6WFC0,Fungi,True
241,254,36,False,1.0,True,True,True,0,True,A0A6G1HDI8.1/56-172,254,A0A6G1HDI8,Fungi,True
242,255,30,False,0.14285714285714285,False,False,False,2,True,C9SY46.1/54-168,255,C9SY46,Fungi,False
243,256,30,False,0.14285714285714285,False,False,False,2,True,A0A3M9YFX9.1/54-168,256,A0A3M9YFX9,Fungi,False
244,257,40,False,1.0,True,False,False,0,True,A0A3N2PPP5.1/53-166,257,A0A3N2PPP5,Fungi,True
245,257,79,True,1.0,False,False,False,2,True,A0A3N2PPP5.1/53-166,257,A0A3N2PPP5,Fungi,False
246,258,30,False,0.14285714285714285,False,False,False,2,True,A0A428NP81.1/128-242,258,A0A428NP81,Fungi,False
247,259,51,False,1.0,True,True,True,0,True,A0A7R9KVP1.1/178-281,259,A0A7R9KVP1,Metazoa,True
248,260,15,False,1.0,True,False,False,1,True,E9G4N4.1/145-261,260,E9G4N4,Metazoa,True
249,260,33,False,1.0,False,False,False,2,True,E9G4N4.1/145-261,260,E9G4N4,Metazoa,False
250,260,60,False,1.0,False,False,False,1,True,E9G4N4.1/145-261,260,E9G4N4,Metazoa,False
251,261,30,False,0.14285714285714285,False,False,False,2,True,A0A3M2S3W3.1/128-242,261,A0A3M2S3W3,Fungi,False
252,262,77,False,1.0,False,False,False,2,True,A0A409YAW1.1/97-211,262,A0A409YAW1,Fungi,False
253,263,90,True,1.0,False,False,False,2,True,A0A0D2LJ10.1/309-423,263,A0A0D2LJ10,Fungi,False
254,264,37,True,0.14285714285714285,True,False,False,0,True,A0A0G4LQ13.1/54-168,264,A0A0G4LQ13,Fungi,True
255,264,78,False,0.14285714285714285,False,False,False,2,True,A0A0G4LQ13.1/54-168,264,A0A0G4LQ13,Fungi,False
256,265,39,False,1.0,True,False,False,0,True,A0A2C5Y9B0.1/53-167,265,A0A2C5Y9B0,Fungi,True
257,265,79,False,1.0,False,False,False,2,True,A0A2C5Y9B0.1/53-167,265,A0A2C5Y9B0,Fungi,False
258,266,30,False,0.06666666666666667,True,True,True,0,True,A0A1F8A426.1/50-164,266,A0A1F8A426,Fungi,True
259,268,38,False,0.14285714285714285,True,False,False,0,True,A0A2J8BUG0.1/54-168,268,A0A2J8BUG0,Fungi,True
260,268,78,False,0.14285714285714285,False,False,False,2,True,A0A2J8BUG0.1/54-168,268,A0A2J8BUG0,Fungi,False
261,269,38,False,0.14285714285714285,True,False,False,0,True,A0A6G1NRR2.1/54-168,269,A0A6G1NRR2,Fungi,True
262,269,78,False,0.14285714285714285,False,False,False,2,True,A0A6G1NRR2.1/54-168,269,A0A6G1NRR2,Fungi,False
263,270,30,False,0.14285714285714285,False,False,False,2,True,G2XHC2.1/54-168,270,G2XHC2,Fungi,False
264,271,54,False,1.0,False,False,False,2,True,A0A0J1B3E1.1/135-248,271,A0A0J1B3E1,Fungi,False
265,272,30,False,0.5,False,False,False,2,True,A0A0B4HLN8.1/68-167,272,A0A0B4HLN8,Fungi,False
266,273,37,False,1.0,True,True,True,0,True,A0A178AYT8.1/55-169,273,A0A178AYT8,Fungi,True
267,274,42,False,0.06666666666666667,True,True,True,0,True,A0A1S9E1E7.1/50-164,274,A0A1S9E1E7,Fungi,True
268,275,30,False,0.06666666666666667,True,True,True,0,True,A0A2P2HA99.1/50-164,275,A0A2P2HA99,Fungi,True
269,276,30,False,0.06666666666666667,True,True,True,0,True,A0A364M1M4.1/50-164,276,A0A364M1M4,Fungi,True
270,277,42,False,0.06666666666666667,True,True,True,0,True,B8NGV0.1/50-164,277,B8NGV0,Fungi,True
271,278,42,False,0.06666666666666667,True,True,True,0,True,I8IFJ9.1/50-164,278,I8IFJ9,Fungi,True
272,279,42,False,0.06666666666666667,True,True,True,0,True,Q2UFQ2.1/50-164,279,Q2UFQ2,Fungi,True
273,280,30,False,0.5,False,False,False,2,True,A0A094BWD6.1/132-245,280,A0A094BWD6,Fungi,False
274,281,30,False,0.25,True,True,True,0,True,A0A5N7B0W2.1/50-164,281,A0A5N7B0W2,Fungi,True
275,282,30,False,1.0,False,False,False,2,True,A0A0A1TCW0.1/67-167,282,A0A0A1TCW0,Fungi,False
276,283,5,True,1.0,True,False,False,0,True,A0A0G4LPM2.1/92-206,283,A0A0G4LPM2,Fungi,True
277,283,42,True,1.0,False,False,False,2,True,A0A0G4LPM2.1/92-206,283,A0A0G4LPM2,Fungi,False
278,284,2,False,1.0,False,False,False,1,True,A0A0C3C8G4.1/56-153,284,A0A0C3C8G4,Fungi,False
279,285,28,False,1.0,True,True,True,0,True,A0A7R9KMC6.1/32-137,285,A0A7R9KMC6,Metazoa,True
280,285,85,False,1.0,True,True,True,0,True,A0A7R9KMC6.1/32-137,285,A0A7R9KMC6,Metazoa,True
281,286,42,False,1.0,True,True,True,0,True,A0A1L9RSK7.1/50-164,286,A0A1L9RSK7,Fungi,True
282,287,43,False,1.0,True,True,True,0,True,A0A1V6TFU2.1/48-160,287,A0A1V6TFU2,Fungi,True
283,288,2,False,0.3333333333333333,False,False,False,1,True,A0A0M8P532.1/57-159,288,A0A0M8P532,Fungi,False
284,289,52,False,1.0,False,False,False,2,True,A0A5N6U4V3.1/53-157,289,A0A5N6U4V3,Fungi,False
285,290,40,False,1.0,True,True,True,0,True,A0A1L9VND9.1/52-166,290,A0A1L9VND9,Fungi,True
286,291,30,False,0.25,True,True,True,0,True,A0A0L1JJY9.1/49-163,291,A0A0L1JJY9,Fungi,True
287,292,30,False,0.25,True,True,True,0,True,A0A5N6IE06.1/49-163,292,A0A5N6IE06,Fungi,True
288,294,19,False,1.0,False,False,False,2,True,A0A0C3D197.1/116-230,294,A0A0C3D197,Fungi,False
289,295,33,False,1.0,True,True,True,0,True,A0A6A5WWT6.1/58-172,295,A0A6A5WWT6,Fungi,True
290,296,30,False,0.06666666666666667,True,True,True,0,True,A0A5N6FLS5.1/50-164,296,A0A5N6FLS5,Fungi,True
291,297,30,False,0.5,True,True,True,0,True,A0A7H8R3B5.1/49-162,297,A0A7H8R3B5,Fungi,True
292,298,30,False,1.0,True,False,False,2,True,A0A0P7AX87.1/159-273,298,A0A0P7AX87,Fungi,True
293,299,33,False,1.0,True,True,True,0,True,A0A6A5YYQ6.1/58-172,299,A0A6A5YYQ6,Fungi,True
294,300,75,False,1.0,False,False,False,2,True,A0A653BYH8.1/32-137,300,A0A653BYH8,Metazoa,False
295,304,9,False,0.04,False,False,False,2,True,C7ZQ20.1/125-240,304,C7ZQ20,Fungi,False
296,306,8,False,1.0,False,False,False,2,True,A0A0C3D063.1/132-246,306,A0A0C3D063,Fungi,False
297,307,14,False,1.0,False,False,False,2,True,G2QNE9.1/134-247,307,G2QNE9,Fungi,False
298,308,42,False,1.0,True,True,True,0,True,A0A5N7C7I5.1/50-164,308,A0A5N7C7I5,Fungi,True
299,309,42,True,1.0,False,False,False,2,True,A0A0C2Y6A2.1/139-253,309,A0A0C2Y6A2,Fungi,False
300,310,30,False,0.25,True,True,True,0,True,F2Q254.1/59-173,310,F2Q254,Fungi,True
301,311,33,False,0.25,True,True,True,0,True,F2RV71.1/59-173,311,F2RV71,Fungi,True
302,312,30,False,0.14285714285714285,False,True,False,2,True,A0A0G4KVI0.1/54-168,312,A0A0G4KVI0,Fungi,True
303,313,30,False,0.3333333333333333,False,False,False,2,True,A0A093XPZ7.1/127-240,313,A0A093XPZ7,Fungi,False
304,314,46,False,1.0,False,False,False,1,True,A0A226ESI2.1/51-167,314,A0A226ESI2,Metazoa,False
305,315,2,False,0.3333333333333333,False,False,False,1,True,A0A1V6NYL2.1/57-159,315,A0A1V6NYL2,Fungi,False
306,316,11,False,0.3333333333333333,False,False,False,2,True,A0A093XAS9.1/127-240,316,A0A093XAS9,Fungi,False
307,317,5,True,1.0,False,False,False,2,True,A0A175VZF5.1/135-249,317,A0A175VZF5,Fungi,False
308,318,61,False,1.0,False,False,False,2,True,A0A5N5WJU3.1/52-155,318,A0A5N5WJU3,Fungi,False
309,319,39,False,1.0,True,False,False,0,True,A0A179G1D7.1/55-168,319,A0A179G1D7,Fungi,True
310,319,79,False,1.0,False,False,False,2,True,A0A179G1D7.1/55-168,319,A0A179G1D7,Fungi,False
311,320,30,False,0.25,False,False,False,2,True,A0A014N818.1/68-167,320,A0A014N818,Fungi,False
312,321,30,False,0.25,False,False,False,2,True,E9FAC9.1/68-167,321,E9FAC9,Fungi,False
313,322,30,False,0.06666666666666667,True,True,True,0,True,A0A2G7FHV4.1/50-164,322,A0A2G7FHV4,Fungi,True
314,323,28,False,1.0,True,True,True,0,True,C5FQ03.1/64-178,323,C5FQ03,Fungi,True
315,324,30,False,0.25,True,True,True,0,True,A0A5N7DUI8.1/49-163,324,A0A5N7DUI8,Fungi,True
316,326,41,False,1.0,True,False,False,0,True,A0A1W2TCP1.1/53-166,326,A0A1W2TCP1,Fungi,True
317,326,80,True,1.0,False,False,False,2,True,A0A1W2TCP1.1/53-166,326,A0A1W2TCP1,Fungi,False
318,328,38,False,0.5,True,True,True,0,True,A0A7R7XKT8.1/54-168,328,A0A7R7XKT8,Fungi,True
319,329,15,True,1.0,False,False,False,2,True,A0A3E2GX33.1/191-304,329,A0A3E2GX33,Fungi,False
320,330,30,False,0.5,True,False,False,0,True,A0A162RVM4.1/49-163,330,A0A162RVM4,Metazoa,True
321,330,69,False,0.5,False,False,False,1,True,A0A162RVM4.1/49-163,330,A0A162RVM4,Metazoa,False
322,331,72,False,1.0,False,False,False,0,True,J5TH48.1/584-703,331,J5TH48,Fungi,False
323,332,15,True,0.25,True,True,True,0,True,A0A059J8N5.1/59-173,332,A0A059J8N5,Fungi,True
324,335,30,False,0.3333333333333333,False,False,False,2,True,A0A094DVF4.1/127-240,335,A0A094DVF4,Fungi,False
325,336,2,False,0.3333333333333333,False,False,False,1,True,A0A117NLU2.1/57-159,336,A0A117NLU2,Fungi,False
326,337,43,False,1.0,True,True,True,0,True,A0A5N6J8L9.1/117-224,337,A0A5N6J8L9,Fungi,True
327,338,69,False,1.0,True,False,False,2,True,K1WL46.1/548-667,338,K1WL46,Fungi,True
328,339,30,False,0.5,True,True,True,0,True,A0A5M3YV30.1/52-166,339,A0A5M3YV30,Fungi,True
329,340,30,False,0.5,True,True,True,0,True,Q0D1K1.1/52-166,340,Q0D1K1,Fungi,True
330,341,35,False,1.0,True,True,True,0,True,A0A6A6HY42.1/57-171,341,A0A6A6HY42,Fungi,True
331,342,2,False,1.0,False,False,False,1,True,A0A4V3UNX8.1/50-154,342,A0A4V3UNX8,Fungi,False
332,343,30,False,0.16666666666666666,False,False,False,2,True,A0A2H3SHK2.1/126-239,343,A0A2H3SHK2,Fungi,False
333,344,30,False,1.0,False,True,False,1,True,A0A1L7WSM1.1/136-250,344,A0A1L7WSM1,Fungi,True
334,344,47,False,1.0,True,False,False,1,True,A0A1L7WSM1.1/136-250,344,A0A1L7WSM1,Fungi,True
335,345,33,False,1.0,True,True,True,2,True,E9HRQ5.1/49-162,345,E9HRQ5,Metazoa,True
336,347,38,False,0.5,True,True,True,0,True,A0A1L9TPU1.1/54-168,347,A0A1L9TPU1,Fungi,True
337,348,33,False,0.1,True,True,True,0,True,A0A059J5Y7.1/59-173,348,A0A059J5Y7,Fungi,True
338,349,33,False,0.1,True,True,True,0,True,F2PV65.1/59-173,349,F2PV65,Fungi,True
339,350,33,False,0.1,True,True,True,0,True,F2RVY2.1/59-173,350,F2RVY2,Fungi,True
340,351,33,False,0.1,True,True,True,0,True,A0A022VU86.1/59-173,351,A0A022VU86,Fungi,True
341,352,33,False,0.1,True,True,True,0,True,A0A022XJ49.1/59-173,352,A0A022XJ49,Fungi,True
342,353,30,False,0.1,True,True,True,0,True,A0A178F0X0.1/59-173,353,A0A178F0X0,Fungi,True
343,354,33,False,0.1,True,True,True,0,True,A0A178FQW0.1/59-173,354,A0A178FQW0,Fungi,True
344,357,30,False,0.1,True,True,True,0,True,D4AT26.1/59-173,357,D4AT26,Fungi,True
345,358,2,False,0.5,False,False,False,1,True,A0A5M3Z3X4.1/53-156,358,A0A5M3Z3X4,Fungi,False
346,359,30,False,0.25,False,False,False,2,True,A0A1V1T535.1/52-166,359,A0A1V1T535,Fungi,False
347,360,41,False,0.25,True,False,False,0,True,A0A439DKZ5.1/52-166,360,A0A439DKZ5,Fungi,True
348,360,80,True,0.25,False,False,False,2,True,A0A439DKZ5.1/52-166,360,A0A439DKZ5,Fungi,False
349,361,58,False,1.0,True,True,True,0,True,A0A226EDT1.1/45-118,361,A0A226EDT1,Metazoa,True
350,362,32,False,1.0,False,False,False,1,True,A0A1Y1WCE2.1/110-209,362,A0A1Y1WCE2,Fungi,False
351,362,65,False,1.0,False,False,False,0,True,A0A1Y1WCE2.1/110-209,362,A0A1Y1WCE2,Fungi,False
352,363,39,False,1.0,True,True,True,0,True,A0A3N2PTH8.1/52-167,363,A0A3N2PTH8,Fungi,True
353,365,2,False,0.5,False,False,False,1,True,Q0CMX2.1/53-149,365,Q0CMX2,Fungi,False
354,366,30,False,0.5,True,False,False,2,True,A0A5N5KLV3.1/128-242,366,A0A5N5KLV3,Fungi,True
355,367,30,False,0.25,False,False,False,2,True,A0A366R644.1/147-239,367,A0A366R644,Fungi,False
356,369,33,False,0.25,True,True,True,0,True,D4DKV0.1/59-173,369,D4DKV0,Fungi,True
357,370,30,False,0.25,False,False,False,2,True,A0A7C8MJS4.1/51-165,370,A0A7C8MJS4,Fungi,False
358,371,30,False,1.0,False,False,False,2,True,R7Z482.1/117-216,371,R7Z482,Fungi,False
359,372,30,False,0.5,True,True,True,0,True,A0A1U8QQB2.1/53-167,372,A0A1U8QQB2,Fungi,True
360,373,39,False,0.5,True,True,True,0,True,Q5B9R1.1/53-167,373,Q5B9R1,Fungi,True
361,374,30,False,0.25,False,False,False,2,True,A0A4Z0YVQ2.1/53-166,374,A0A4Z0YVQ2,Fungi,False
362,375,23,False,1.0,True,True,True,0,True,A0A4Q7JG95.1/143-236,375,A0A4Q7JG95,Fungi,True
363,376,30,False,0.16666666666666666,False,False,False,2,True,W9NXR4.1/126-238,376,W9NXR4,Fungi,False
364,377,12,False,0.16666666666666666,False,False,False,2,True,F9GF09.1/126-238,377,F9GF09,Fungi,False
365,378,12,False,0.16666666666666666,False,False,False,2,True,X0IME2.1/126-238,378,X0IME2,Fungi,False
366,379,40,False,1.0,False,False,False,2,True,A0A067NV59.1/160-255,379,A0A067NV59,Fungi,False
367,380,13,False,0.16666666666666666,False,False,False,2,True,X0BII8.1/126-239,380,X0BII8,Fungi,False
368,381,13,False,0.16666666666666666,False,False,False,2,True,A0A2H3SQP8.1/126-239,381,A0A2H3SQP8,Fungi,False
369,382,13,False,0.16666666666666666,False,False,False,2,True,A0A0J0BTB7.1/126-239,382,A0A0J0BTB7,Fungi,False
370,383,13,False,0.16666666666666666,False,False,False,2,True,S0EPI6.1/126-239,383,S0EPI6,Fungi,False
371,384,90,False,1.0,True,True,True,0,True,J4UH35.1/170-286,384,J4UH35,Fungi,True
372,385,4,False,0.5,False,False,False,2,True,A0A5N5LS24.1/137-251,385,A0A5N5LS24,Fungi,False
373,385,55,False,0.5,False,False,False,1,True,A0A5N5LS24.1/137-251,385,A0A5N5LS24,Fungi,False
374,387,30,False,1.0,False,False,False,2,True,W9HEM8.1/143-239,387,W9HEM8,Fungi,False
375,388,61,False,1.0,False,False,False,2,True,A0A1L9RSN1.1/53-152,388,A0A1L9RSN1,Fungi,False
376,389,30,False,0.5,False,False,False,2,True,X0A5V9.1/126-239,389,X0A5V9,Fungi,False
377,390,33,False,1.0,True,True,True,0,True,A0A2B7XD08.1/59-173,390,A0A2B7XD08,Fungi,True
378,391,56,False,1.0,False,False,False,1,True,A0A0C3CXG8.1/188-302,391,A0A0C3CXG8,Fungi,False
379,393,42,False,0.25,True,True,True,0,True,A0A5N6SZN4.1/50-164,393,A0A5N6SZN4,Fungi,True
380,394,30,False,0.16666666666666666,False,False,False,2,True,A0A1L7VZQ7.1/126-239,394,A0A1L7VZQ7,Fungi,False
381,395,48,False,1.0,True,False,False,0,True,A0A0C9WJX8.1/454-547,395,A0A0C9WJX8,Fungi,True
382,396,30,False,0.25,True,True,True,0,True,A0A5N6UL71.1/50-164,396,A0A5N6UL71,Fungi,True
383,397,30,False,0.25,False,False,False,2,True,A0A366P2Q0.1/147-239,397,A0A366P2Q0,Fungi,False
384,398,30,False,0.25,False,False,False,2,True,W7N5Q6.1/147-239,398,W7N5Q6,Fungi,False
385,399,30,False,0.16666666666666666,False,False,False,2,True,A0A4Q4UIY1.1/135-248,399,A0A4Q4UIY1,Fungi,False
386,402,30,False,1.0,True,True,True,0,True,A0A6A6Y6C2.1/57-171,402,A0A6A6Y6C2,Fungi,True
387,404,30,False,0.25,True,True,True,0,True,A0A5N7E4P3.1/50-164,404,A0A5N7E4P3,Fungi,True
388,405,30,False,0.25,True,True,True,0,True,A0A5N7A9Q0.1/50-164,405,A0A5N7A9Q0,Fungi,True
389,406,53,False,1.0,True,False,False,2,True,A0A2T6ZEH1.1/218-324,406,A0A2T6ZEH1,Fungi,True
390,407,5,True,0.16666666666666666,False,False,False,2,True,A0A4Q4VZL0.1/135-248,407,A0A4Q4VZL0,Fungi,False
391,408,13,False,0.16666666666666666,False,False,False,2,True,A0A365N4J5.1/126-239,408,A0A365N4J5,Fungi,False
392,409,30,False,0.25,False,False,False,2,True,A0A420SDX9.1/126-239,409,A0A420SDX9,Fungi,False
393,410,49,False,1.0,False,False,False,1,True,A0A4S2MJL7.1/150-250,410,A0A4S2MJL7,Fungi,False
394,412,30,False,0.16666666666666666,False,False,False,2,True,N4UD22.1/126-239,412,N4UD22,Fungi,False
395,413,51,False,1.0,True,False,False,0,True,A0A2A9NKB1.1/137-236,413,A0A2A9NKB1,Fungi,True
396,413,79,True,1.0,False,False,False,2,True,A0A2A9NKB1.1/137-236,413,A0A2A9NKB1,Fungi,False
397,414,36,False,1.0,True,False,False,0,True,A0A093ZCQ3.1/56-170,414,A0A093ZCQ3,Fungi,True
398,414,76,False,1.0,False,False,False,2,True,A0A093ZCQ3.1/56-170,414,A0A093ZCQ3,Fungi,False
399,415,30,False,0.16666666666666666,False,False,False,2,True,A0A4Q4XUC0.1/135-248,415,A0A4Q4XUC0,Fungi,False
400,416,40,False,0.5,True,False,False,0,True,A0A4Q7K0R9.1/75-167,416,A0A4Q7K0R9,Fungi,True
401,416,80,False,0.5,False,False,False,2,True,A0A4Q7K0R9.1/75-167,416,A0A4Q7K0R9,Fungi,False
402,417,6,False,0.16666666666666666,False,False,False,2,True,A0A4V1XD26.1/135-248,417,A0A4V1XD26,Fungi,False
403,418,2,False,0.5,False,False,False,1,True,A0A5N7D470.1/52-141,418,A0A5N7D470,Fungi,False
404,419,61,False,1.0,False,False,False,2,True,A0A5N7BF13.1/52-147,419,A0A5N7BF13,Fungi,False
405,421,58,False,1.0,True,False,False,0,True,A0A0C3DA01.1/55-148,421,A0A0C3DA01,Fungi,True
406,421,96,False,1.0,False,False,False,2,True,A0A0C3DA01.1/55-148,421,A0A0C3DA01,Fungi,False
407,422,61,False,0.07692307692307693,False,False,False,2,True,A0A1S9DEP0.1/52-145,422,A0A1S9DEP0,Fungi,False
408,423,2,False,0.07692307692307693,False,False,False,1,True,A0A2P2HV62.1/52-145,423,A0A2P2HV62,Fungi,False
409,424,2,False,0.07692307692307693,False,False,False,1,True,A0A5N6H7I4.1/52-145,424,A0A5N6H7I4,Fungi,False
410,425,2,False,0.07692307692307693,False,False,False,1,True,I8IST2.1/52-145,425,I8IST2,Fungi,False
411,426,2,False,0.07692307692307693,False,False,False,1,True,Q2TXN3.1/52-145,426,Q2TXN3,Fungi,False
412,427,61,False,0.07692307692307693,False,False,False,2,True,A0A364MIB5.1/52-145,427,A0A364MIB5,Fungi,False
413,428,61,False,0.07692307692307693,False,False,False,2,True,B8NVG8.1/52-145,428,B8NVG8,Fungi,False
414,429,61,False,0.5,False,False,False,2,True,A0A1F7ZYQ8.1/52-124,429,A0A1F7ZYQ8,Fungi,False
415,431,6,False,0.16666666666666666,False,False,False,2,True,A0A4Q4Z032.1/135-248,431,A0A4Q4Z032,Fungi,False
416,432,5,True,0.16666666666666666,False,False,False,2,True,A0A4Q4ZSG5.1/135-248,432,A0A4Q4ZSG5,Fungi,False
417,433,77,False,1.0,True,True,True,2,True,A0A292PMS6.1/177-280,433,A0A292PMS6,Fungi,True
418,435,40,False,0.5,True,False,False,0,True,A0A179G3Q0.1/75-167,435,A0A179G3Q0,Fungi,True
419,435,80,False,0.5,False,False,False,2,True,A0A179G3Q0.1/75-167,435,A0A179G3Q0,Fungi,False
420,436,2,False,1.0,False,False,False,1,True,A0A2I2G0H9.1/51-143,436,A0A2I2G0H9,Fungi,False
421,437,61,False,0.07692307692307693,False,False,False,2,True,A0A5N6Y796.1/52-145,437,A0A5N6Y796,Fungi,False
422,438,24,False,0.2,False,False,False,1,True,A0A178FKK9.1/88-202,438,A0A178FKK9,Fungi,False
423,439,80,False,1.0,False,False,False,2,True,A0A2G7G2B5.1/33-126,439,A0A2G7G2B5,Fungi,False
424,440,2,False,0.25,False,False,False,1,True,A0A5N7AJH1.1/52-131,440,A0A5N7AJH1,Fungi,False
425,441,61,False,0.25,False,False,False,2,True,A0A5N6V9S3.1/52-135,441,A0A5N6V9S3,Fungi,False
426,442,61,False,0.07692307692307693,False,False,False,2,True,A0A5N6EFN3.1/52-145,442,A0A5N6EFN3,Fungi,False
427,443,61,False,0.25,False,False,False,2,True,A0A5N7EBZ0.1/52-131,443,A0A5N7EBZ0,Fungi,False
428,445,52,False,1.0,True,True,True,0,True,A0A7R9L813.1/28-86,445,A0A7R9L813,Metazoa,True
429,446,61,False,0.07692307692307693,False,False,False,2,True,A0A5N6WY44.1/52-145,446,A0A5N6WY44,Fungi,False
430,447,2,False,0.07692307692307693,False,False,False,1,True,A0A5N6W040.1/52-145,447,A0A5N6W040,Fungi,False
431,448,61,False,0.07692307692307693,False,False,False,2,True,A0A0F0INY0.1/52-147,448,A0A0F0INY0,Fungi,False
432,449,29,False,0.2,True,True,True,0,True,A0A022VYA9.1/88-202,449,A0A022VYA9,Fungi,True
433,450,29,False,0.2,True,True,True,0,True,A0A022XNU8.1/88-202,450,A0A022XNU8,Fungi,True
434,451,29,False,0.2,True,True,True,0,True,F2SJH3.1/88-202,451,F2SJH3,Fungi,True
435,452,61,False,0.07692307692307693,False,False,False,2,True,A0A5N6DRY8.1/52-145,452,A0A5N6DRY8,Fungi,False
436,453,2,False,0.25,False,False,False,1,True,A0A5N6T5W4.1/52-133,453,A0A5N6T5W4,Fungi,False
437,454,30,False,0.2,False,False,False,2,True,A0A420T161.1/143-235,454,A0A420T161,Fungi,False
438,454,97,False,0.2,False,True,False,0,True,A0A420T161.1/143-235,454,A0A420T161,Fungi,True
439,456,12,False,1.0,True,True,True,0,True,A0A1Y1W0H9.1/135-220,456,A0A1Y1W0H9,Fungi,True
440,457,15,False,0.5,True,True,True,0,True,A0A433DH56.1/18-87,457,A0A433DH56,Fungi,True
441,459,52,False,0.2,True,False,False,0,True,A0A3L6N0I3.1/151-235,459,A0A3L6N0I3,Fungi,True
442,459,91,False,0.2,False,False,False,2,True,A0A3L6N0I3.1/151-235,459,A0A3L6N0I3,Fungi,False
443,460,52,False,0.2,True,False,False,0,True,A0A420PUS6.1/151-235,460,A0A420PUS6,Fungi,True
444,460,91,False,0.2,False,False,False,2,True,A0A420PUS6.1/151-235,460,A0A420PUS6,Fungi,False
445,461,15,False,0.5,False,False,False,2,True,A0A433Q9B2.1/26-94,461,A0A433Q9B2,Fungi,False
446,462,36,False,1.0,True,True,True,0,True,A0A0U5FSW7.1/55-170,462,A0A0U5FSW7,Fungi,True
448,466,23,False,1.0,True,True,True,0,True,A0A1N7TAV1.1/7-118,466,A0A1N7TAV1,Metazoa,True
449,468,53,False,1.0,True,False,False,2,True,A0A3N4J493.1/176-275,468,A0A3N4J493,Fungi,True
450,470,79,False,1.0,False,False,False,1,True,A0A163J4A0.1/107-201,470,A0A163J4A0,Fungi,False
451,471,5,True,1.0,False,False,False,0,True,A0A1X2I864.1/149-261,471,A0A1X2I864,Fungi,False
452,471,79,False,1.0,False,False,False,1,True,A0A1X2I864.1/149-261,471,A0A1X2I864,Fungi,False
454,475,20,False,0.2,False,False,False,1,True,A0A178ERH5.1/88-198,475,A0A178ERH5,Fungi,False
455,476,53,False,1.0,False,False,False,2,True,A0A0D2EPA3.1/63-155,476,A0A0D2EPA3,Fungi,False
456,478,30,False,1.0,True,True,True,0,True,A0A1N7TAW3.1/119-228,478,A0A1N7TAW3,Metazoa,True
457,479,30,False,1.0,False,False,False,1,True,H0EY40.1/160-227,479,H0EY40,Fungi,False
458,479,58,False,1.0,False,True,False,0,True,H0EY40.1/160-227,479,H0EY40,Fungi,True
459,480,48,False,0.5,True,False,False,0,True,A0A0D2KD97.1/63-139,480,A0A0D2KD97,Fungi,True
460,481,48,False,0.5,True,False,False,0,True,A0A178CR72.1/63-139,481,A0A178CR72,Fungi,True
461,482,33,False,1.0,False,False,False,2,True,A0A086T9F0.1/85-152,482,A0A086T9F0,Fungi,False
462,484,75,False,1.0,False,False,False,1,True,X0IVL1.1/132-170,484,X0IVL1,Fungi,False
463,485,15,True,1.0,False,False,False,2,True,A9V884.1/43-158,485,A9V884,unknown,False
464,486,47,False,1.0,False,False,False,1,True,A0A433PHE8.1/398-463,486,A0A433PHE8,Fungi,False
465,487,75,False,1.0,True,True,True,0,True,A0A5C6SI76.1/160-198,487,A0A5C6SI76,Fungi,True
466,488,53,False,1.0,False,False,False,2,True,A0A178ZW31.1/61-126,488,A0A178ZW31,Fungi,False
